,Topic 1,Topic 2,Topic 3,Topic 4,Topic 5,Topic 6
TCGA-AA-3867-01A-01W-0995-10,0.0017097994147602495,0.0017060684652197389,0.9234977371903376,0.06968036603705322,0.001704104449657349,0.0017019244429719237
TCGA-AD-6895-01A-11D-1924-10,9.695023906555172e-05,9.701889083257689e-05,0.2307779406438133,0.46556343561675617,0.004009001274659304,0.29945565333487306
TCGA-AA-3560-01A-01D-1953-10,0.008901678996252268,0.00886584518329506,0.7540068008789343,0.21049454782013016,0.008857464743046956,0.008873662378341206
TCGA-CM-6676-01A-11D-1835-10,0.0016034581516415375,0.0016053148060831068,0.7920081218882572,0.0016066223963806627,0.06604887587137064,0.1371276068862668
TCGA-AA-3819-01A-01W-0900-09,0.000868414619141952,0.0008673908798213763,0.682906883125238,0.31362420861111373,0.0008661595430202878,0.000866943221664568
TCGA-AA-A029-01A-01W-A00E-09,0.10414577290317822,0.001960400117947646,0.7085893955539485,0.0019606927990176463,0.001960010499588047,0.1813837281263199
TCGA-AA-A01C-01A-01W-A00E-09,0.002172632016978604,0.0021724657387833363,0.8675785633572011,0.12375417617995378,0.0021641455105851945,0.0021580171964978895
TCGA-CA-5256-01A-01D-1408-10,0.04757863482126643,0.002081571861437396,0.5419523536573978,0.002077784868218397,0.002082488111738886,0.40422716667994135
TCGA-CM-6680-01A-11D-1835-10,0.001848896935185524,0.0018483313162064143,0.7945619153576816,0.001852332020689222,0.060045541688797395,0.13984298268143974
TCGA-AA-A03F-01A-11W-A096-10,0.0012317100588058892,0.0012308676559472417,0.5537107167346531,0.0012298915313767732,0.12143865943185427,0.32115815458736274
TCGA-CK-4950-01A-01D-1719-10,0.0008927457414167315,0.03770636589137293,0.850667420693514,0.1089495399512833,0.0008923492431426889,0.00089157847927017
TCGA-D5-6529-01A-11D-1771-10,0.0014775682921893548,0.0014793298189885549,0.5369411995987472,0.0014786776450675372,0.09039411488528265,0.3682291097597247
TCGA-3L-AA1B-01A-11D-A36X-10,0.0011685350853049047,0.0011708725019658936,0.8169844078292292,0.0011696953072927712,0.052053207510696184,0.1274532817655109
TCGA-AA-3844-01A-01W-0995-10,0.0013045130628752582,0.0013047989688935737,0.7971941050752381,0.19758696637855377,0.0013022853982965256,0.0013073311161424612
TCGA-AD-A5EJ-01A-11D-A28G-10,0.00011722533703909655,0.040729619767944134,0.004166705027697381,0.12035219377970036,0.00011705443045257527,0.8345172016571664
TCGA-G4-6306-01A-11D-1771-10,0.0013506505248929988,0.0013514004263233974,0.5094079240903729,0.001346130048227831,0.001348746448409416,0.48519514846177325
TCGA-AA-3821-01A-01W-0995-10,0.00021463623997782015,0.006117596388389364,0.0987601462204533,0.061147130818992756,0.0002145663980128352,0.8335459239341739
TCGA-AA-3833-01A-01W-0900-09,0.00027697344855043114,0.0002768344442380577,0.01606306094463564,0.06007541632638662,0.019054199014277007,0.9042535158219122
TCGA-CM-6164-01A-11D-1650-10,0.002190858115272662,0.0021892063776402194,0.6600235481393955,0.002194085045819244,0.0999400519628635,0.23346225035900903
TCGA-AA-3850-01A-01W-0995-10,0.0013798918363528373,0.0013811749312370096,0.7957218785894418,0.19875277433382565,0.0013818427123918938,0.0013824375967508387
TCGA-AA-3522-01A-01W-0831-10,0.006488990130909221,0.0064725055237716145,0.7365327266471867,0.006484072931768412,0.2375348073404582,0.0064868974259059435
TCGA-A6-6781-01A-22D-A270-10,8.156983121412543e-05,8.165767244221031e-05,8.167014619811309e-05,8.160760505910358e-05,8.168064942937917e-05,0.999591814095657
TCGA-A6-6781-01A-22D-1924-10,8.537971867879633e-05,8.548024821825556e-05,8.548574375415223e-05,8.541199548491678e-05,8.549978135141718e-05,0.9995727425125125
TCGA-AY-4071-01A-01W-1073-09,0.07352498577279983,0.001378125772696323,0.7847308758526702,0.13760437221382876,0.001380397336427552,0.0013812430515772842
TCGA-AA-3811-01A-01W-0995-10,0.019656062723954298,9.325542267254001e-05,9.32169646779734e-05,0.3014551855544037,9.321173193580518e-05,0.6786090676023556
TCGA-AA-3526-01A-02D-1953-10,0.005990960127336846,0.006001138147214095,0.9699207901516892,0.006034716458397651,0.006014749437299343,0.006037645678062915
TCGA-5M-AAT6-01A-11D-A40P-10,8.864686568017032e-05,8.856807727467347e-05,8.864880353292395e-05,0.01560760643009637,8.875388178321048e-05,0.9840377759416327
TCGA-G4-6625-01A-21D-1771-10,0.0014878297618714557,0.001487032137897042,0.8852874306721904,0.001493527128200242,0.001488789119642847,0.10875539118019789
TCGA-G4-6298-01A-11D-1719-10,0.0021666659288273834,0.002167351093937956,0.7360867862577325,0.002162455410260694,0.0021659397263659856,0.25525080158287555
TCGA-AA-3979-01A-01W-0995-10,0.07027161004192416,0.0011142222652965744,0.7305288168550149,0.195853378331971,0.0011161272573956406,0.001115845248397729
TCGA-AA-3972-01A-01W-0995-10,0.0017713602512090454,0.0017725554030346164,0.6911322063972856,0.117729549585393,0.0887748086580639,0.09881951970501388
TCGA-AD-6964-01A-11D-1924-10,0.0001039439807160634,0.013962658857135265,0.00010375343483576316,0.5983209093676267,0.00010378710687602012,0.3874049472528101
TCGA-G4-6294-01A-11D-1806-10,0.0010453387911222194,0.0010471389044354983,0.7865303283961765,0.2092850607043228,0.0010444149744518562,0.0010477182294910822
TCGA-AA-3692-01A-01W-0900-09,0.00258307742557997,0.002587895489400297,0.8812477740982982,0.0025893833870982617,0.00258879122853056,0.10840307837109264
TCGA-AA-3524-01A-02D-1953-10,0.012018461853508142,0.012018986082221782,0.7160956991040834,0.012064537803949041,0.012020457977929578,0.2357818571783081
TCGA-AA-3860-01A-02W-0900-09,0.003108341669373878,0.0031123704286971044,0.8212919275199493,0.16625035392691306,0.0031147808340125575,0.0031222256210541905
TCGA-CA-5255-01A-11D-1835-10,0.0037472303915229745,0.003747903166425392,0.6102909092702963,0.0037514430683475756,0.07932173877719344,0.2991407753262144
TCGA-AA-3858-01A-01W-0900-09,0.002663494246225228,0.002668748664080556,0.7487470767570251,0.002674222870269048,0.0026768336692058452,0.2405696237931943
TCGA-G4-6321-01A-11D-1719-10,0.0026320877873372383,0.0026351336201518266,0.8180960772778274,0.0026371038257257144,0.0026365985257057988,0.17136299896325205
TCGA-AA-A02K-01A-21W-A096-10,0.001202353489663621,0.001202932104404847,0.7018482638271689,0.001204984874943386,0.001203002831983964,0.2933384628718353
TCGA-AA-3697-01A-01D-1719-10,0.0008233545382442135,0.0008221564932107899,0.8750589255088922,0.12165167583031022,0.0008220786399874405,0.0008218089893550591
TCGA-AZ-4616-01A-21D-1835-10,0.08102684621106096,0.0017354528811049416,0.7490389006833091,0.001735487787861362,0.001738931463298134,0.16472438097336548
TCGA-AA-3861-01A-01W-0995-10,0.001382536328134348,0.0013851970231621628,0.8285019936647444,0.0013811968517053685,0.0013827665075861932,0.16596630962466752
TCGA-AA-3986-01A-02W-0995-10,0.001814562861287233,0.10845424899307593,0.727459024042237,0.001806570104192848,0.0018111826814758848,0.1586544113177312
TCGA-A6-6653-01A-11D-1771-10,0.0001571501470679721,0.00015725738732297713,0.05442862635619362,0.013630564527447452,0.007554452687373467,0.9240719488945945
TCGA-F4-6570-01A-11D-1771-10,0.00010490289145075389,0.02295389737796766,0.07950709145752963,0.19471522192349067,0.00010486689155016004,0.7026140194580113
TCGA-AA-A01X-01A-21W-A096-10,0.0022834124252858077,0.0022849291368449856,0.7631074069393013,0.002276976605169322,0.0022819292854263686,0.22776534560797237
TCGA-DM-A28A-01A-21D-A16V-10,0.001179029555814722,0.03817199952169492,0.7090815006836813,0.0011778747668608675,0.0011784483244182777,0.24921114714753
TCGA-G4-6627-01A-11D-2188-10,0.001872992217017308,0.035787286846289096,0.7457122494739169,0.0018709229860861534,0.0018702947198755554,0.21288625375681522
TCGA-AA-3866-01A-01W-0995-10,0.0013642461334328162,0.0013671252333851784,0.7841483102473733,0.0013708641894331854,0.0013687180089365107,0.2103807361874391
TCGA-CK-4952-01A-01D-1719-10,0.0010785162268671167,0.0010794272987063452,0.7168476929647307,0.0010802796646384033,0.0010789425375080247,0.27883514130754944
TCGA-CM-6169-01A-11D-1650-10,0.0014949293993078208,0.0014964626204124719,0.6370456394866567,0.0014913551713838387,0.0014927868821477857,0.3569788264400914
TCGA-AD-6890-01A-11D-1924-10,0.0015091465848011837,0.0015098653087986936,0.798218116124508,0.001501828690198742,0.0015080134058799246,0.19575302988581345
TCGA-CM-6674-01A-11D-1835-10,0.00020272815209545347,0.00020276460082830074,0.0004978906758299269,0.044206841814628764,0.00020311886770613504,0.9546866558889114
TCGA-AA-3971-01A-01W-0995-10,0.001883612829138221,0.0018850685301526604,0.8495447358945026,0.14290476180506598,0.001888344008473854,0.0018934769326665922
TCGA-CK-5912-01A-11D-1650-10,0.0028920407414837353,0.0028989652459769162,0.7242519392562587,0.2641458792506583,0.002904884899826992,0.002906290605795307
TCGA-A6-6648-01A-11D-1771-10,0.001795969678426002,0.0017938979528176018,0.6543435872395487,0.3084056833069665,0.001794957367187547,0.03186590445505376
TCGA-QG-A5YX-01A-11D-A28G-10,0.0017420591475537147,0.0017434603343570213,0.7444999375787763,0.0017314119026855248,0.0017386958336316418,0.2485444352029957
TCGA-QG-A5Z1-01A-11D-A28G-10,0.0016212524663439033,0.0016205618293032753,0.6253081362038271,0.001618501884612482,0.14895330088967473,0.22087824672623843
TCGA-AA-3521-01A-01D-1953-10,0.14076016455700677,0.010554122838505025,0.6426889201866689,0.010497627279444232,0.010517527913148332,0.18498163722522673
TCGA-AA-3544-01A-01D-1953-10,0.006450255118779667,0.006472409878593546,0.8026120239422984,0.006509362450338462,0.1714606943864293,0.006495254223560643
TCGA-AA-3695-01A-01W-0900-09,0.0010220267283175609,0.05309544386652982,0.7595274736511186,0.0010212581615568906,0.001021739524262222,0.1843120580682149
TCGA-CM-6170-01A-11D-1650-10,0.0016941095626960786,0.0016953340260588427,0.7619752670992773,0.23123125386934323,0.0016997041290884249,0.0017043313135360922
TCGA-AA-3549-01A-02D-1953-10,0.008821106677519869,0.008833583890096025,0.008958591356693158,0.008853118187655887,0.008871112046748396,0.9556624878412867
TCGA-AA-A022-01A-21D-A17O-10,0.00011392519090728204,0.00011398392464149482,0.023023951750800294,0.0077953628623963905,0.012467941049644554,0.9564848352216099
TCGA-CM-5860-01A-01D-1650-10,0.0014268513617268557,0.0014300180880024676,0.8601777908507929,0.0014256562409046712,0.0014290059575255663,0.13411067750104755
TCGA-AA-3984-01A-02W-0995-10,0.25589217009880116,0.11649041873723749,3.4302567805540356e-05,3.4296867779287296e-05,0.6204289740730357,0.007119837655340843
TCGA-AA-3675-01A-02W-0900-09,0.0016694916772792422,0.001668883654119291,0.925150495251464,0.0016718486509038923,0.001671851678360465,0.06816742908787311
TCGA-CM-5341-01A-01D-1408-10,0.0010397235593910552,0.0010384665260489985,0.8668206716833252,0.0010413802872080546,0.0010396723757415498,0.129020085568285
TCGA-CM-5863-01A-21D-1835-10,0.00313588279641935,0.003136695981353563,0.9035295127369831,0.0031135967713443666,0.003131671501457363,0.08395264021244235
TCGA-AA-3561-01A-01D-1953-10,0.009285950815567129,0.009308149522088464,0.9533327570677381,0.009357588969223573,0.009318940945882249,0.0093966126795006
TCGA-DM-A28K-01A-21D-A16V-10,0.0015328374904717828,0.0015349702838140617,0.7071282759266636,0.0015325384635394143,0.0015338484798391565,0.2867375293556719
TCGA-AD-6965-01A-11D-1924-10,0.0012605115299252736,0.0012617529197958685,0.656631290093507,0.001258140425152967,0.0012599587091194015,0.3383283463224996
TCGA-A6-6652-01A-11D-1771-10,0.001952176952948628,0.0019547865536701397,0.6627838989291389,0.21020226977075246,0.001955349500484642,0.12115151829300531
TCGA-AA-3862-01A-01W-0995-10,0.12221185307352048,0.001737144005859508,0.7171391458238241,0.0971878128242371,0.0017329173122040344,0.059991126960354836
TCGA-CA-6716-01A-11D-1835-10,0.00105358425876097,0.0010541038992119669,0.7571557549459081,0.001051849015171645,0.0010540746024669053,0.2386306332784804
TCGA-G4-6586-01A-11D-1771-10,0.00015412846631605964,0.00015426883048196805,0.04404074120034285,0.006029766499932999,0.00015417085943103138,0.949466924143495
TCGA-AA-3939-01A-01W-0995-10,0.0014045728121299438,0.0014015608378779975,0.8712546838624837,0.05828337800772621,0.06625149080046408,0.0014043136793180835
TCGA-AZ-4313-01A-01D-1408-10,0.00014244399014153367,0.00014264355093334178,0.00014473672584371553,0.00014236505441117919,0.00014304037270566254,0.9992847703059646
TCGA-F4-6807-01A-11D-1835-10,0.0009686544788269272,0.04906124010254487,0.6606429241978092,0.18901863060611537,0.0009653982433688873,0.09934315237133493
TCGA-AA-3950-01A-02W-0995-10,0.00015246041959935164,0.02116226121932169,0.0001524082990052426,0.2112482428282837,0.0001523130383729612,0.767132314195417
TCGA-A6-6781-01B-06D-A270-10,0.0001569194059476196,0.00015699822379055235,0.03794895116286959,0.0001569573835294418,0.00015708950254027663,0.9614230843213225
TCGA-AA-3842-01A-01W-0995-10,0.001655245083253848,0.0016554254474616399,0.7865300059720257,0.0850146670429176,0.0016562830606547797,0.1234883733936864
TCGA-AA-3811-01A-01D-1981-10,0.013672192919856932,0.00011340003452151797,0.00011339548145099534,0.2799661759700245,0.000113389510285288,0.7060214460838607
TCGA-DM-A0XF-01A-11D-A152-10,0.050336995695002565,0.001274780822070956,0.6852123523871106,0.26062352171784436,0.001276976836261682,0.0012753725417096748
TCGA-AZ-6599-01A-11D-1771-10,0.0006363958886818072,0.0006372567943821197,0.4305423419203471,0.49696248507632956,0.07058504253804558,0.0006364777822136574
TCGA-F4-6809-01A-11D-1835-10,0.05252064987760196,0.001066108034842147,0.6943339542859001,0.24994933524303675,0.0010647895287447166,0.0010651630298743637
TCGA-F4-6703-01A-11D-1835-10,0.0004239866085205462,0.05161498217386394,0.04911239784885212,0.3047354016259495,0.00042361423018884504,0.5936896175126252
TCGA-AY-A8YK-01A-11D-A40P-10,0.0021093891262421068,0.0021108925529297125,0.4472246195779779,0.0021044253316345974,0.0021061817154965105,0.5443444916957192
TCGA-NH-A5IV-01A-42D-A36X-10,7.371339062699611e-05,7.380835312455593e-05,7.380118990822937e-05,0.11256281325166341,7.376352116369623e-05,0.887142100293513
TCGA-A6-2680-01A-01D-1408-10,0.0014053870364955248,0.0014047890196126171,0.7394441769608519,0.001405792016740292,0.0014054438095417808,0.2549344111567579
TCGA-G4-6307-01A-11D-1719-10,0.0021324708798334184,0.2279793105733618,0.7634838847387138,0.0021345441306708105,0.0021329763115342988,0.002136813365885976
TCGA-A6-4105-01A-02D-1771-10,0.0009615410039563836,0.0009623047462320853,0.7055969216952812,0.1367799237737765,0.0009615089214230168,0.15473779985933067
TCGA-AA-3511-01A-21D-1835-10,0.1602417502444521,0.0014632887649921736,0.7116724886078627,0.12369248218408044,0.0014666918455078092,0.001463298353104783
TCGA-AA-3870-01A-01W-0995-10,0.0013280545026087593,0.0013286693576705722,0.6638150445841791,0.001328947095504581,0.001327168448603319,0.33087211601143374
TCGA-AY-A71X-01A-12D-A36X-10,0.001933261058474108,0.0019372689365713324,0.6551965916200594,0.0019345509543328607,0.03231679008876699,0.3066815373417954
TCGA-A6-2678-01A-01D-1953-10,0.006519086724435488,0.006540143018768291,0.7826065941152707,0.006480671550233965,0.006528523838428221,0.1913249807528633
TCGA-AA-3510-01A-01D-1408-10,0.35886970071372915,0.0973283268420028,4.892389320678608e-05,4.8828057155618916e-05,0.5436554842016189,4.87362922867574e-05
TCGA-AA-A02O-01A-21W-A096-10,0.0010146111388748902,0.0010145820725628656,0.8385279955622807,0.0010142025792736534,0.041117600434434326,0.11731100821257366
TCGA-AA-A01D-01A-01W-A00E-09,0.0011799023090420606,0.08651582452181973,0.8743408139994688,0.03560577791250068,0.0011789834026415412,0.0011786978545269766
TCGA-A6-6782-01A-11D-1835-10,0.07416719740809687,0.0011239224817467116,0.7817056596193755,0.14075758115181017,0.0011229135921914516,0.0011227257467794495
TCGA-D5-6920-01A-11D-1924-10,0.0014638226117750371,0.0014643632743604027,0.7916377014214182,0.1067000839611901,0.001464775295952527,0.09726925343530382
TCGA-CM-6162-01A-11D-1650-10,0.00015448521545420452,0.00015471104745860367,0.002434620218469479,0.00015444148942416312,0.01978739841975157,0.9773143436094419
TCGA-AA-A022-01A-21W-A096-10,0.0001336204478007414,0.0006811788014737552,0.03386662000398244,0.030619500509168073,0.013501029425701309,0.9211980508118737
TCGA-CM-4751-01A-02D-1835-10,0.0017674679800282513,0.001767212569095412,0.5651095059687276,0.0017752624243651835,0.0017689391408175074,0.4278116119169661
TCGA-CM-5862-01A-01D-1650-10,0.03614734353657285,0.0018303855963682622,0.6792530915755796,0.0018283537483781518,0.0018308038998048968,0.2791100216432964
TCGA-AA-3693-01A-01W-0900-09,0.0010442744876735328,0.0010430077786697121,0.8000875656622605,0.19573641686503732,0.0010428162275590352,0.0010459189787998305
TCGA-AZ-4684-01A-01D-1408-10,0.002003995839636164,0.002002719523720869,0.885719811415049,0.10626367087398139,0.002001598195871185,0.002008204151741416
TCGA-QL-A97D-01A-12D-A40P-10,0.08281232115040645,0.000717576418439475,0.6973133039186187,0.217722396262357,0.0007167456376913642,0.0007176566124869721
TCGA-CM-5344-01A-21D-1719-10,0.002571128598678054,0.002565184148621699,0.6803739498683812,0.002552017821199171,0.0025580411670838746,0.30937967839603603
TCGA-A6-2681-01A-01D-1408-10,0.0010818782330595602,0.0010804499987320845,0.7241750157857777,0.0010798817585841044,0.04095538373783051,0.23162739048601616
TCGA-AA-A03J-01A-21W-A096-10,0.0016511170386976168,0.0016506377888015717,0.6834589735889922,0.0016511015985685791,0.12219991315970491,0.18938825682523508
TCGA-AA-A024-01A-02W-A00E-09,0.002101217942058615,0.0021049701593020397,0.7583431197146832,0.0021086616201549165,0.002105070770421201,0.23323695979338016
TCGA-A6-2677-01B-02D-A270-10,0.001265973973477137,0.0012661659427553253,0.6935021546463807,0.001267576486865504,0.06654724337152967,0.23615088557899178
TCGA-AA-3976-01A-01W-0995-10,0.001759095385184498,0.0017581844865239336,0.7341830313565262,0.0017557473040303226,0.08959179674159778,0.17095214472613748
TCGA-AZ-6601-01A-11D-1771-10,7.072784534920473e-05,7.078967932725842e-05,0.003740681106866525,7.074709881523496e-05,7.078937936422814e-05,0.9959762648902775
TCGA-AA-3506-01A-01D-2188-10,0.0009934825523921405,0.0009923855902895838,0.7039417035002334,0.000990238380987702,0.0011240713452724987,0.29195811863082455
TCGA-CM-4750-01A-01D-1408-10,0.001834335349756636,0.0018297525347517067,0.9908391202514237,0.001832667395513115,0.0018301913912530834,0.0018339330773017059
TCGA-AA-3662-01A-01D-1719-10,0.05763100505490426,0.0020064246366120076,0.8285092060577304,0.0020064636901621943,0.002006166224480627,0.10784073433611027
TCGA-G4-6588-01A-11D-1771-10,8.339907722362137e-05,0.008553685703246197,8.330272412524154e-05,0.2621947331222871,8.327124342746862e-05,0.7290016081296904
TCGA-AZ-6608-01A-11D-1835-10,0.0011166861090054895,0.0011134414329037217,0.575393247360618,0.4201496676378228,0.0011139074415863065,0.0011130500180634515
TCGA-AA-3967-01A-01W-1073-09,0.001073670551854591,0.0010752873535180868,0.8625270623154399,0.13317764291360057,0.0010730634358052334,0.0010732734297817712
TCGA-AA-3530-01A-01W-0995-10,0.0017403081999297237,0.0017410642202110914,0.7669513683319691,0.0017359159778834005,0.0017387485006160846,0.2260925947693906
TCGA-AD-6548-01A-11D-1835-10,0.0012942780552049201,0.0012955065940491767,0.8845292932943731,0.11028832323014799,0.0012960195363840887,0.0012965792898406824
TCGA-A6-2682-01A-01D-1408-10,0.0020754228931193805,0.002077020239713392,0.5636707244101933,0.13317796052056705,0.1430526968490119,0.15594617508739508
TCGA-G4-6314-01A-11D-1719-10,0.0011089123336446454,0.07172958062606273,0.7472868796529847,0.001108719626131536,0.0011098790158873522,0.1776560287452889
TCGA-AA-3688-01A-01W-0900-09,0.1362964075487619,0.002216977165111497,0.6726078444928373,0.18444358622545298,0.002217723772936423,0.002217460794899799
TCGA-AA-3952-01A-01W-0995-10,0.0018147364105389758,0.0018151594674482366,0.8515804004482485,0.14116786193612874,0.0018105404473952322,0.0018113012902402923
TCGA-A6-2677-01A-01D-A270-10,0.0011702375502332405,0.0011690856236203772,0.6861477418925332,0.0011693036275051555,0.06384218847380393,0.2465014428323041
TCGA-G4-6310-01A-11D-1719-10,0.0015203175934923308,0.0015224247355971141,0.7637198780371786,0.0015198724832924998,0.0015219099234639651,0.23019559722697547
TCGA-AA-3556-01A-01D-1953-10,0.008365445256851706,0.008382151271662329,0.4401057350216492,0.008406766257896228,0.008395887500452599,0.5263440146914881
TCGA-AA-3496-01A-21D-1835-10,0.0017183485233373816,0.0017220342932153744,0.7026027159191972,0.0017200026607264553,0.10498898115059224,0.1872479174529313
TCGA-DM-A285-01A-11D-A16V-10,0.10670609957320168,0.000996089171378699,0.728595493686327,0.1617080194576258,0.0009969990724809415,0.0009972990389857481
TCGA-AA-3672-01A-01W-0900-09,0.022588494655252648,0.00010110344714344972,0.00010108142938926686,0.23872369274384309,0.00010103488005061446,0.7383845928443209
TCGA-G4-6628-01A-11D-1835-10,8.676444070866764e-05,0.02578485496091472,8.671858821870786e-05,0.21669230900061548,8.663012330797656e-05,0.7572627228862345
TCGA-AA-3713-01A-21D-1719-10,0.00017923706836796345,0.010442763962582306,0.06950592816950944,0.15581574526159253,0.00017914730434933008,0.7638771782335984
TCGA-AA-A00Z-01A-01D-A17O-10,0.01405618500991929,0.013981423266788934,0.6154870826979804,0.014092848183092324,0.014051055540077247,0.3283314053021419
TCGA-AD-6888-01A-11D-1924-10,0.0015915439512362883,0.001586716042110349,0.5207408224642032,0.0015870008858054857,0.0015931114594626677,0.4729008051971821
TCGA-AA-3872-01A-01W-0995-10,0.0021619208219442305,0.002159900274188129,0.7022751896276241,0.16501194156364035,0.12623087660053692,0.002160171112066253
TCGA-AA-3655-01A-02D-1719-10,0.001912058374397418,0.0019118144990819099,0.5010044888121401,0.10729449080655847,0.001915168846572415,0.38596197866124965
TCGA-A6-5665-01B-03D-2298-08,0.01868140029496243,0.00010110062315248924,0.00010107380159219858,0.15212224889840353,0.00010108217687510734,0.8288930942050142
TCGA-A6-5665-01A-01D-1650-10,0.00010108943095217101,0.022601887649181054,0.00010098948959897672,0.1620002738406428,0.00010101283126905424,0.8150947467583559
TCGA-CM-5349-01A-21D-1719-10,0.0016060479394966562,0.001602612596492538,0.6415512076280074,0.0016043535011337371,0.08379765567809763,0.26983812265677193
TCGA-AA-A01S-01A-21W-A096-10,0.0026438738802172855,0.0026442165578650935,0.6440476077494738,0.0026369871022808074,0.002635873887083916,0.3453914408230791
TCGA-AA-3848-01A-01W-0900-09,0.001058758014940282,0.0010582507713513432,0.8013925441950706,0.06378505696655737,0.001060997922505843,0.13164439212957454
TCGA-CM-6675-01A-11D-1835-10,0.002127439947274835,0.002131023293868297,0.8456497221102809,0.0021345245668672776,0.0021266119814982343,0.14583067810021036
TCGA-D5-6537-01A-11D-1719-10,0.0014922744097273647,0.08573148752705166,0.7276264335038543,0.0014874103982374753,0.0014919291252874721,0.18217046503584167
TCGA-AA-3538-01A-01D-1953-10,0.010049363384319047,0.009901824935894856,0.6690446819697065,0.2911031317246833,0.009977362134676957,0.009923635850719485
TCGA-D5-6926-01A-11D-1924-10,0.0014900255877743755,0.0014875981845481104,0.8779664411925898,0.0014927092544127572,0.0014896192528842302,0.1160736065277909
TCGA-AA-3529-01A-02D-1953-10,0.007616005859166302,0.007629307854675287,0.9618234281634344,0.007630860450659045,0.0076407209801085075,0.007659676691956461
TCGA-A6-3810-01A-01D-A270-10,0.0009847933776778442,0.0009842062339203161,0.7657267454334467,0.09538262496025436,0.000985316675237721,0.13593631331946307
TCGA-G4-6299-01A-11D-1771-10,0.04340274804925426,0.0010280434691431702,0.7456049263967152,0.11883358678878464,0.001027666085044986,0.09010302921105777
TCGA-A6-3807-01A-01W-0995-10,0.0016043783980459936,0.0016033437675214456,0.7752502727297513,0.14630946546629775,0.07363152790211068,0.001601011736272787
TCGA-CM-5868-01A-01D-1650-10,0.08512087073082202,0.0016676980765221135,0.47796933826555404,0.13935027646628292,0.0016685794470708767,0.294223237013748
TCGA-A6-A567-01A-31D-A28G-10,0.0026388443656146982,0.0026379474788368077,0.8807415523088789,0.0026337384941104436,0.108708731665453,0.002639185687106183
TCGA-AA-3973-01A-01W-0995-10,0.002105228460517679,0.0021042870716862505,0.8768590933288238,0.11471365456412143,0.002112866361218911,0.002104870213632039
TCGA-CK-4951-01A-01D-1408-10,3.4738876069120695e-05,3.477700263541489e-05,0.25721461066954227,0.7281547535604722,0.013010485179348287,0.0015506347119328301
TCGA-CA-5254-01A-21D-1835-10,0.0008275867907013605,0.0008260973268323764,0.6993121879209919,0.0008270992428106204,0.0008273990769011035,0.2973796296417627
TCGA-AA-3492-01A-01D-1408-10,8.246882188254657e-05,8.241288162098562e-05,0.0370504146782784,0.17560273547075583,0.026965663378908038,0.7602163047685543
TCGA-AZ-6600-01A-11D-1771-10,0.0011781615961726154,0.05714810862642769,0.8612975758878942,0.0780195133955487,0.0011776206032447336,0.0011790198907120789
TCGA-AA-3845-01A-01D-1981-10,0.00017385166674919745,0.03860312503355384,0.06878459908510755,0.060896298227835925,0.00017384617119384837,0.8313682798155596
TCGA-DM-A28M-01A-12D-A16V-10,0.001790170731366887,0.0017923676845687329,0.7614361952622066,0.001790592406377566,0.0017937476637446732,0.2313969262517354
TCGA-A6-2674-01B-04D-A270-10,0.05767316447595785,0.0020079696365512896,0.8334380412455231,0.00200771979067788,0.0020064409477126366,0.10286666390357725
TCGA-AA-A01T-01A-21W-A096-10,0.001737761542114964,0.0017364999672125575,0.9313153896050717,0.06173586117795159,0.0017375058677642522,0.0017369818398850375
TCGA-AA-3519-01A-02D-1953-10,0.0062183424958297245,0.006244979856454931,0.5040689813079576,0.0062384501993124316,0.1332993094295613,0.34392993671088395
TCGA-G4-6315-01A-11D-1719-10,0.0387745492580619,0.0011020936363785871,0.838406586700867,0.11951260570000244,0.0011020841041328136,0.00110208060055742
TCGA-AA-3667-01A-01W-0900-09,0.0024819336958297354,0.0024721947624319267,0.6229277286890553,0.3671592316526762,0.0024808597148177933,0.0024780514851889253
TCGA-G4-6293-01A-11D-1719-10,0.001375560369376783,0.0013756707656603874,0.8080186012381823,0.18648637291441716,0.0013721440036846945,0.0013716507086787455
TCGA-G4-6323-01A-11D-1719-10,0.0019140660600332033,0.0019138864057836023,0.6184005724024751,0.02879833952656663,0.0019122706411671439,0.3470608649639742
TCGA-AA-3877-01A-01W-0995-10,0.0001513754362644191,0.0001515203782498828,0.13510857097453116,0.0001517483328968066,0.00015178344442442086,0.8642850014336334
TCGA-A6-6651-01A-21D-1835-10,0.0019123319482644374,0.0019092375155336052,0.8069575906394595,0.18539540245497213,0.0019088522609619644,0.0019165851808085168
TCGA-F4-6460-01A-11D-1771-10,0.0010745673673094366,0.08951311239287583,0.7467880297796721,0.1604764250220199,0.001073947690368302,0.0010739177477542962
TCGA-AD-5900-01A-11D-1650-10,0.00011531608689603786,0.00011532647944097908,0.00011538743236117713,0.08719421314994016,0.017146278618538152,0.8953134782328235
TCGA-AA-3851-01A-01W-0995-10,0.0018129668760709745,0.001807809684060015,0.7293565074812043,0.0018095815901757292,0.06735364490069674,0.19785948946779228
TCGA-D5-5540-01A-01D-1650-10,0.001402893850655063,0.0014050975974568528,0.9929722824969035,0.0014066831208216508,0.0014059496103674852,0.0014070933237955822
TCGA-CM-6161-01A-11D-1650-10,0.001684923235166278,0.0016867742739814118,0.831590302448008,0.16166478853159463,0.0016861902526080998,0.0016870212586414493
TCGA-G4-6297-01A-11D-1719-10,0.001873946602418694,0.0018751900739422886,0.6733595364922742,0.0018703614222661687,0.05228963755732748,0.2687313278517712
TCGA-5M-AAT5-01A-21D-A40P-10,0.002226588077445926,0.0022262376123470726,0.9888870854226517,0.0022175793597290884,0.002220677928695042,0.002221831599131184
TCGA-AA-3982-01A-02W-0995-10,0.0013409677659199691,0.0013385210595623996,0.855938057379417,0.13870535883682003,0.001340316160650554,0.0013367787976299708
TCGA-AA-3875-01A-01W-0900-09,0.0012929115316962993,0.0012955809564829922,0.9046454355861527,0.09017219269929105,0.0012970300497935105,0.0012968491765832843
TCGA-AA-3509-01A-01D-1408-10,0.0017916982953023078,0.0017894295824686518,0.9341402948930052,0.0017886484163444495,0.0017932957428211658,0.05869663307005821
TCGA-AD-6963-01A-11D-1924-10,0.002207081140173551,0.002209330049367377,0.7558092749959873,0.23534795918112403,0.002208981236942055,0.0022173733964056764
TCGA-AA-3502-01A-01D-1408-10,0.0008379088533938756,0.0008385596506146583,0.7734254608425465,0.0008371253704889182,0.0008394309906633566,0.2232215142922926
TCGA-G4-6302-01A-11D-1719-10,0.00018323059075171428,0.030474559931870104,0.07495943032386887,0.12637278979584468,0.0001831631098694493,0.7678268262477952
TCGA-A6-A5ZU-01A-11D-A28G-10,0.001622052145327334,0.0016261440798632477,0.7985942602976138,0.001621095859934414,0.0016244209261776163,0.19491202669108348
TCGA-DM-A1HA-01A-11D-A152-10,0.0011149698504257183,0.025205298794665085,0.8496839204382407,0.0022121517524072132,0.0011163728227818962,0.12066728634147932
TCGA-AA-3520-01A-01D-1953-10,0.005858094169640863,0.005867811742155179,0.2588005957408234,0.005798085695438311,0.00581995158902323,0.717855461062919
TCGA-CM-4747-01A-01D-1408-10,0.0016708051524566717,0.0016677568176033345,0.761888570653931,0.0016713400586672764,0.0016722551115785082,0.23142927220576323
TCGA-A6-A56B-01A-31D-A28G-10,0.0017192139706011808,0.0017197120624752283,0.8538202740876923,0.0017201497257996964,0.001722453235381186,0.13929819691805043
TCGA-AZ-6605-01A-11D-1835-10,0.0016019615836931026,0.0016029772847044267,0.5263682860266573,0.1906630805090658,0.05232342754419512,0.2274402670516841
TCGA-AY-4070-01A-01W-1073-09,0.001124832668755985,0.10972626015641367,0.6667899837508863,0.22011347464353678,0.0011217178216313204,0.001123730958776132
TCGA-AM-5821-01A-01D-1650-10,0.02287827470024753,0.00013781365075378756,0.00013783388967416585,0.11710839712652532,0.00013772294421458714,0.8595999576885847
TCGA-DM-A1D4-01A-21D-A152-10,0.0008973781999629894,0.034400853894130765,0.6545895960932235,0.0008950853926753342,0.0008964023834342899,0.30832068403657303
TCGA-A6-3809-01A-01D-A270-10,0.032090279166869934,0.00014715535977747764,0.00014720008456050983,0.14589732133970582,0.00014693802428822147,0.821571106024798
TCGA-AA-3696-01A-01W-0900-09,0.0018332093458676285,0.09626766551537079,0.6766593330450651,0.001830727543171387,0.0018305279556946738,0.22157853659483054
TCGA-D5-6535-01A-11D-1719-10,0.0009529523231655301,0.07484751363616014,0.865801351658944,0.05649450749957607,0.000951769897898478,0.0009519049842558112
TCGA-AA-3678-01A-01W-0900-09,0.0023345508008292925,0.002338293943072867,0.8120710329952052,0.002347818754984085,0.17856364891782586,0.0023446545880825825
TCGA-F4-6569-01A-11D-1771-10,0.17453905247002108,0.0013805310109645356,0.7590489653998286,0.06226823443199939,0.0013811702724783354,0.001382046414708071
TCGA-AA-3989-01A-01W-0995-10,0.0014582636538325554,0.0014580008479750607,0.5971748588082424,0.0853547438684128,0.0014559830861261452,0.3130981497354111
TCGA-AA-3680-01A-01W-0900-09,0.0015296749570892618,0.0015309674481505874,0.6318242566748417,0.0015296688376229143,0.12366129699206706,0.23992413509022867
TCGA-AA-A00N-01A-02W-A00E-09,0.2421050357801555,0.0805311859360951,3.319411915765939e-05,3.3186234967945265e-05,0.6772642088117901,3.318911783378125e-05
TCGA-A6-5657-01A-01D-1650-10,0.0013358775270473904,0.0013396623357246,0.9520186451459263,0.0013379391851713856,0.0013397358869211664,0.042628139919209204
TCGA-A6-5664-01A-21D-1835-10,0.21559669366902529,0.003234287642236807,0.4432726625907856,0.003242368947659417,0.003236674937091546,0.33141731221320114
TCGA-D5-6928-01A-11D-1924-10,0.00010757243507373076,0.03564939585084536,0.00010759681591440381,0.16436237479386506,0.00010756692382992793,0.7996654931804715
TCGA-AA-3532-01A-01D-1953-10,0.008885158626088924,0.00885996612809622,0.5344105325016103,0.00886230736461205,0.008879198394262034,0.4301028369853304
TCGA-AD-6901-01A-11D-1924-10,0.0006223516066965062,0.04794355822846894,0.7155820554550482,0.08483923974469092,0.0006222863507700669,0.15039050861432554
TCGA-A6-6137-01A-11D-1771-10,0.00143948247293727,0.0014398223874521811,0.752079836475477,0.15071465836551595,0.09288542694477157,0.0014407733538459274
TCGA-AA-3673-01A-01W-0900-09,0.0022843273805317364,0.0022856284524136903,0.7130097283034839,0.002280633086070049,0.0022803189402607845,0.2778593638372399
TCGA-AD-6889-01A-11D-1924-10,0.00010284897216428942,0.01100223803134909,0.005027812043461062,0.1194226479061902,0.00010274877490234719,0.864341704271933
TCGA-AA-3854-01A-01W-0900-09,0.001147174888588337,0.0011464619184816606,0.6750196016219016,0.0629505942465884,0.001146876068557158,0.2585892912558829
TCGA-AA-3994-01A-01W-1073-09,0.0008557008232530458,0.06358842957939008,0.7043155558837928,0.0008542260675325862,0.0008542481046799065,0.22953183954135148
TCGA-CA-6717-01A-11D-1835-10,0.9187352535685971,0.017162768014416553,0.012392474496464016,0.034338910664710766,0.011777717437035987,0.005592875818775819
TCGA-AA-3966-01A-01D-1981-10,0.03314253070160326,0.00014088329977564082,0.07827684362693238,0.1554098895094248,0.00014078452224329356,0.7328890683400207
TCGA-AZ-4323-01A-21D-1835-10,0.20071791443210152,0.0036635376769721443,0.4350180127322772,0.0036732233323794735,0.003668801403308916,0.3532585104229607
TCGA-SS-A7HO-01A-21D-A36X-10,0.0009745805757418797,0.0009754506573517224,0.8029805243229496,0.19312212199965237,0.0009727673114564959,0.0009745551328479015
TCGA-AA-3837-01A-01W-0900-09,0.0011370130047999344,0.001139212332067605,0.6922113291476653,0.0011398316892650222,0.06453414406546228,0.23983846976073986
TCGA-CK-6751-01A-11D-1835-10,0.0009355574181063414,0.04131227231385208,0.7209735548052163,0.03291216020351717,0.0009364932485128395,0.20292996201079516
TCGA-D5-6536-01A-11D-1719-10,0.0017132395526642994,0.0017151805096588275,0.7074845961019339,0.001720895991329809,0.001716213124992918,0.2856498747194202
TCGA-A6-5661-01A-01D-1650-10,0.00014065814136741977,0.02332694289428557,0.0339790097285161,0.06321878411548267,0.00014078730644115795,0.8791938178139072
TCGA-F4-6704-01A-11D-1835-10,0.002605798547073579,0.002592840233039762,0.6481119695946147,0.0025961427604615406,0.0025989345167222676,0.34149431434808836
TCGA-AA-3855-01A-01W-0995-10,0.056229987494283803,0.0011538961992022105,0.7368625139214591,0.0011550359514961768,0.0011539977429086917,0.20344456869064992
TCGA-CM-6166-01A-11D-1650-10,0.0019803123229793383,0.06843755325224182,0.7451732511058557,0.001983348134696959,0.001983416593471296,0.18044211859075485
TCGA-A6-5659-01A-01D-A270-10,0.0007909228271861381,0.08059883361917684,0.703071966486407,0.0007904291206960098,0.0007916586159642678,0.2139561893305697
TCGA-D5-6922-01A-11D-1924-10,0.00155727847061165,0.001559817236998593,0.8871354332209677,0.10662437944923764,0.0015618216586699048,0.0015612699635145918
TCGA-AA-A01P-01A-21W-A096-10,0.04437925547849421,0.00030210618061911803,0.09239171981837188,0.16543826345330362,0.0003021562276992135,0.697186498841512
TCGA-AA-3930-01A-01W-0995-10,0.0008112708883651563,0.0008105249628157286,0.7550406121114195,0.24171813109625084,0.0008107153371437423,0.0008087456040049157
TCGA-AA-3977-01A-01D-1981-10,0.42276451283880156,0.4333934216652873,3.628853097010682e-05,3.6283951079586436e-05,0.14373320621429228,3.628679956911175e-05
TCGA-AM-5820-01A-01D-1650-10,0.0025135405745809122,0.06813811837979764,0.7898341918599634,0.002518164460855613,0.0025155058173241813,0.13448047890747838
TCGA-F4-6808-01A-11D-1835-10,0.0012107547004107059,0.0012126879704071427,0.7936087682885156,0.0012105942548712818,0.0012110498294531423,0.20154614495634224
TCGA-A6-2675-01A-02D-1719-10,0.0016480091499718945,0.0016499247319438893,0.6197477395580466,0.001651237336009198,0.0016502967571035614,0.3736527924669248
TCGA-D5-6541-01A-11D-1719-10,0.0017312079383742665,0.0017333479846098484,0.5436586459791354,0.0017314278290901884,0.001732635268423923,0.4494127350003664
TCGA-NH-A6GA-01A-11D-A36X-10,0.0018359821779651234,0.0018340586661365526,0.8787957056883141,0.0018287028704709876,0.0018326903877839652,0.11387286020932934
TCGA-CM-6679-01A-11D-1835-10,0.0024785881437726026,0.002471103731390856,0.6261435626982375,0.2629254612081288,0.002479230410597736,0.1035020538078726
TCGA-AA-3841-01A-01W-0900-09,0.002226255964688585,0.002226017520527212,0.9888808685351862,0.0022262571448033006,0.002220328382820901,0.002220272451973681
TCGA-CK-4948-01B-11D-1650-10,0.0015505360230321985,0.0015472984380781303,0.7863167424338416,0.0015466835897890794,0.0015470307593825996,0.20749170875587614
TCGA-AA-3941-01A-01W-0995-10,0.0015041389210377577,0.0015044729874735155,0.7730841583750221,0.0015065218150085607,0.0015053851478734406,0.2208953227535847
TCGA-DM-A28E-01A-11D-A16V-10,0.1166625568437802,0.0020319171407587786,0.6249850160002357,0.1203752156013501,0.0020332657724361184,0.13391202864143914
TCGA-D5-6532-01A-11D-1719-10,0.041773056044734726,0.0013487955668111244,0.867334817787309,0.001347286273849349,0.001348501813535434,0.0868475425137602
TCGA-CM-4744-01A-01D-1408-10,0.07845290984190263,0.001124527886394493,0.7880011842831971,0.0011226239325796683,0.0011240643874998743,0.1301746896684263
TCGA-4N-A93T-01A-11D-A36X-10,0.06810571805984701,0.0016698836573716834,0.6539461558956833,0.001668735580400261,0.0016696195151326514,0.27293988729156504
TCGA-5M-AATA-01A-31D-A40P-10,0.0020592469791064017,0.0020571101835227643,0.6737226468369526,0.10006851958038789,0.002059368910991597,0.22003310750903887
TCGA-A6-2685-01A-01D-1408-10,0.0031262441236635068,0.0031335010457428005,0.8524878672288436,0.0031236002762079404,0.0031274296602519266,0.13500135766529028
TCGA-CM-6678-01A-11D-1835-10,0.0011583821066411394,0.001160119321162335,0.6808049886631218,0.001163555181216233,0.0011615109425331342,0.31455144378532546
TCGA-DM-A28G-01A-11D-A16V-10,0.0012975238564573814,0.0012974292109640846,0.6552304811987121,0.0012963208538436198,0.0012987701274568767,0.339579474752566
TCGA-CA-6718-01A-11D-1835-10,0.9551674699103181,0.004246712099817868,4.2986771251495284e-05,4.297633162834738e-05,0.04045686127330143,4.2993613682745686e-05
TCGA-G4-6304-01A-11D-1924-10,0.00019264278927052543,0.010908024852091544,0.06027869993685069,0.22083701121416488,0.00019261202903469752,0.7075910091785876
TCGA-A6-3810-01B-04D-A270-10,0.0012784530807668653,0.0012755175178005777,0.7625670506992722,0.1359725019179609,0.0012776847675167028,0.0976287920166828
TCGA-DM-A1D8-01A-11D-A152-10,0.0010295260278550236,0.0010291657322716887,0.7259685463183292,0.13989163567802232,0.001027104213411673,0.1310540220301101
TCGA-AA-3947-01A-01D-1981-10,0.01795534537446673,0.02400629766946377,0.035301930726579986,0.18221488737380193,7.689160352868821e-05,0.740444647252159
TCGA-AA-3684-01A-02W-0900-09,0.001265501209562881,0.0012646634294279121,0.805845462173735,0.1890879172918969,0.0012688856841667792,0.0012675702112103669
TCGA-CM-6171-01A-11D-1650-10,0.0001440970345131674,0.00014395608532151102,0.10598450573296657,0.00014380940781237516,0.000143976128370653,0.8934396556110157
TCGA-A6-3808-01A-01W-0995-10,0.0011840911956334144,0.001182316925861322,0.6289473506832758,0.213407961283214,0.00118160014264001,0.1540966797693754
TCGA-D5-5539-01A-01D-1650-10,0.0015276907148706127,0.0015300164746657428,0.6800027243506257,0.0015328938271093357,0.001529548989474677,0.31387712564325404
TCGA-A6-2674-01A-02D-A270-10,0.001397690156760921,0.0013941705753432489,0.9095284522390624,0.0013948081146743594,0.0013956765737528289,0.08488920234040613
TCGA-A6-5659-01B-04D-A270-10,0.0009065506442465968,0.0009070519890785767,0.7017012604965773,0.0009063781932729052,0.09068626047284015,0.20489249820398445
TCGA-A6-2684-01A-01D-A270-10,0.0014210888704816725,0.0014221721341590372,0.8742168065017816,0.001428924853604977,0.0014247397454265726,0.12008626789454603
TCGA-A6-5659-01A-01D-1650-10,0.0008424763753743704,0.06846985475220899,0.7277686232345969,0.0008418638908544458,0.0008431104693487778,0.2012340712776165
TCGA-AZ-6606-01A-11D-1835-10,0.0011859591120073113,0.0011882018919259782,0.7569070507678965,0.00118847114291036,0.0011868828021509474,0.2383434342831089
TCGA-G4-6309-01A-21D-1835-10,0.00022503630226534835,0.00022491383261632247,0.011442193418455952,0.00022495777228323638,0.013461430708590521,0.9744214679657887
TCGA-AY-6196-01A-11D-1719-10,0.0007195140154133881,0.0007188511738639942,0.7301649260116864,0.2669584999606288,0.0007188651615770305,0.0007193436768302746
TCGA-AA-3495-01A-01D-1408-10,0.0013472944923860319,0.05002613298341001,0.7929813531460513,0.0013486225153346806,0.001349387594251297,0.1529472092685666
TCGA-DM-A1D0-01A-11D-A152-10,0.03785506499167987,0.0013479560804978165,0.8478840441438421,0.07268825339105268,0.001348046143956025,0.03887663524897146
TCGA-CK-5913-01A-11D-1650-10,0.00021490551390572596,0.00021488666435434572,0.013555969619656005,0.042439578811866004,0.00021447692284398017,0.943360182467374
TCGA-5M-AAT4-01A-11D-A40P-10,0.08741929855662864,0.0009309723515063225,0.7853665755660695,0.0009310473592177019,0.0009294197979442563,0.1244226863686336
TCGA-AA-A010-01A-01W-A00E-09,0.1868628941054088,0.7823856715289226,2.1342273470944644e-05,2.1348561468518047e-05,0.026381134341128282,0.0043276091896009665
TCGA-NH-A50T-01A-11D-A28G-10,0.001131086420300244,0.001130301473081053,0.7240105762744987,0.0011304967448445733,0.08249055797281758,0.19010698111445773
TCGA-CK-5916-01A-11D-1650-10,0.00012178464519523154,0.016680291159251362,0.00012289705301205803,0.0907964675275016,0.0001216770023348091,0.892156882612705
TCGA-AA-3869-01A-01W-0995-10,0.0021026628527631565,0.0021019116741055007,0.5573252132407325,0.1784088947185288,0.1216182502356136,0.13844306727825648
TCGA-AA-3488-01A-01D-1408-10,0.0019426561819912448,0.0019378958656211358,0.793579343187739,0.1986605309031678,0.0019414356486484648,0.0019381382128322462
TCGA-WS-AB45-01A-11D-A40P-10,6.627218240550082e-05,6.636634986325338e-05,0.002519315108965053,6.632901263884317e-05,6.64405191581297e-05,0.9972152768269692
TCGA-CM-6172-01A-11D-1650-10,0.0015746388341901913,0.0015768076984078868,0.9509677766524796,0.04272685038275997,0.0015782538627164863,0.0015756725694459864
TCGA-AA-A02H-01A-01W-A00E-09,0.009269840939687572,0.0022816216446818176,0.5861709584608704,0.12310072682791931,0.16234738652858044,0.11682946559826039
TCGA-A6-6650-01A-11D-1771-10,0.0013510940093325703,0.0013519240278642038,0.7149367100132554,0.14104559630746355,0.0013501323264978663,0.13996454331558644
TCGA-AA-A02Y-01A-43W-A096-10,0.0014913204807665717,0.107289791298639,0.8432935783472705,0.0014891207843856285,0.0014932093393052212,0.04494297974963314
TCGA-AA-3681-01A-01W-0900-09,0.001325636535694481,0.001325470738440503,0.7232267163473417,0.0013274452766257397,0.0013273153136344168,0.2714674157882633
TCGA-5M-AATE-01A-11D-A40P-10,0.0011837612537713438,0.0011822920941733429,0.7765050208808266,0.01565943765015924,0.0011818679640814636,0.204287620156988
TCGA-A6-6780-01B-04D-A270-10,0.010740451682343251,0.00015750730614763473,0.0001576977869804798,0.10377264896228838,0.00015750158258193083,0.8850141926796583
TCGA-G4-6322-01A-11D-1719-10,0.0018723175735204352,0.0018743435594131817,0.7572215108013665,0.001869702974975267,0.07165102151083651,0.1655111035798881
TCGA-AA-3517-01A-01D-1953-10,0.010464275509735893,0.010493459596690133,0.7565780537464689,0.20141906080753816,0.010510789932815682,0.010534360406751295
TCGA-AA-A02F-01A-01W-A00E-09,0.0027614379617357902,0.0027610506326959496,0.869173272540774,0.11978084138063576,0.002759355667601127,0.0027640418165573426
TCGA-A6-A565-01A-31D-A28G-10,0.00048154029875432925,0.0004814205430044797,0.00048297673177684445,0.20782919661383106,0.00048176268203970043,0.7902431031305935
TCGA-AA-3534-01A-01D-1953-10,0.005232208591499777,0.005242113266611046,0.4154527563700767,0.005261834822957176,0.005252265148139682,0.5635588218007156
TCGA-DM-A1DA-01A-11D-A152-10,0.0005665038614159156,0.0005665891073278963,0.7895098001315183,0.14845157582361307,0.0005647606280542852,0.060340770448070596
TCGA-CM-6165-01A-11D-1650-10,0.001531542385264156,0.03671039271733218,0.6485975139146561,0.04879105938720714,0.0015300363423581475,0.2628394552531823
TCGA-AD-A5EK-01A-11D-A28G-10,0.0016047084325814351,0.0016091854209866411,0.7961691933755357,0.0016063162909874045,0.0016031908424174524,0.19740740563749132
TCGA-DM-A1DB-01A-11D-A152-10,0.002721005145240037,0.0027203557267022516,0.8208197674819748,0.002719940987057239,0.0027206471811062906,0.1682982834779193
TCGA-DM-A1D6-01A-21D-A152-10,0.0014561156121498308,0.001450800941140056,0.7810403685330042,0.0014545921030666876,0.0014566183329026456,0.21314150447773667
TCGA-DM-A28C-01A-11D-A16V-10,0.001637670366987341,0.001636920334149304,0.8740996966691775,0.0016374920338944037,0.0016361053522557442,0.11935211524353573
TCGA-D5-6531-01A-11D-1719-10,0.0008819235673956628,0.043391931184826524,0.8051907214019377,0.04807491482249818,0.0008829154948532505,0.10157759352848879
TCGA-AZ-4682-01B-01D-1408-10,0.0018309835589248825,0.0018315463858815672,0.7077984527387892,0.0018318567898296392,0.06184853286715739,0.22485862765941733
TCGA-AA-3660-01A-01D-1719-10,0.001357928489541693,0.001359367400558504,0.8124304139396162,0.11493501186914766,0.06855726503059834,0.001360013270537529
TCGA-D5-6533-01A-11D-1719-10,0.0009492437634041477,0.0009483840312563366,0.7983689389836631,0.197837502330324,0.0009485520117798636,0.000947378879572507
TCGA-CM-4752-01A-01D-1408-10,0.0012758995389608539,0.0012776967055790885,0.6290408202689617,0.0012763422036146336,0.060424516866616526,0.3067047244162673
TCGA-AA-3966-01A-01W-1073-09,0.03666231124564533,0.00015599625032280026,0.06626406642519511,0.16975081794256672,0.00015587554581192716,0.727010932590458
TCGA-A6-6138-01A-11D-1771-10,0.0014463196019301456,0.0014430938981745936,0.7542880449001942,0.23993770772885642,0.0014434909244228824,0.0014413429464215095
TCGA-DM-A1D7-01A-11D-A152-10,0.0011159778118269167,0.0011151200138181962,0.7265496132478496,0.21184836763178744,0.0011143294687289737,0.058256591825988885
TCGA-G4-6626-01A-11D-1771-10,0.001188849654352781,0.001190562121351218,0.8188738821585395,0.0011949384974912311,0.0011912738254773562,0.17636049374278798
TCGA-AA-3955-01A-02W-0995-10,0.05306412122543971,0.0012550388121024716,0.9419078902745199,0.001259812099620534,0.0012549980796660253,0.0012581395086511832
TCGA-A6-A566-01A-11D-A28G-10,0.0008598954599721536,0.06758853169163655,0.8056300208008779,0.0008597465746186755,0.000860128337037278,0.12420167713585742
TCGA-DM-A1HB-01A-21D-A183-10,0.01350237810838266,0.0001450170565925449,0.020435815256795258,0.1529103620780962,0.00014497544727794584,0.8128614520528554
TCGA-AA-3846-01A-01W-0995-10,0.0017263082554315628,0.0017211469107671982,0.8400494558044329,0.1530608938019117,0.0017248116966801722,0.0017173835307763663
TCGA-AA-3980-01A-02W-0995-10,0.0016223160482878082,0.0016219148741266384,0.7638281123743996,0.15896650873757423,0.07234049697515088,0.001620650990460805
TCGA-D5-6898-01A-11D-1924-10,0.0020356730627715796,0.002038424118999526,0.9535012970197025,0.002033029338396981,0.002029385881004251,0.03836219057912515
TCGA-AA-A01V-01A-23W-A096-10,0.0013487558036865588,0.038476817579262274,0.7819241981574249,0.0013505212864090065,0.0013485168735092225,0.17555119029970806
TCGA-AA-3666-01A-02W-0900-09,0.11943762036546228,0.0008948464744576336,0.6852110593818045,0.19266547564843978,0.0008939313034989276,0.0008970668263368261
TCGA-AA-A02J-01A-01W-A00E-09,0.11666619420717769,0.0013179398349474013,0.7236799490710311,0.15570078461514184,0.0013180483922636264,0.0013170838794384384
TCGA-A6-5667-01A-21D-1719-10,0.002433402018889357,0.0024379910473585884,0.8099164576876726,0.002444848834350117,0.0024430840216617183,0.1803242163900675
TCGA-AA-3956-01A-02W-0995-10,0.0012686185973386434,0.0012675392764930707,0.7027965302365534,0.29212889257780633,0.0012699857878913352,0.001268433523917264
TCGA-F4-6461-01A-11D-1771-10,0.0011239923370833084,0.00112441078067496,0.5609721159499389,0.12719417414319242,0.0011238513371610403,0.3084614554519493
TCGA-AY-5543-01A-01D-1650-10,0.07434797758541595,0.0014047969829737348,0.5512818837217617,0.0014060732733111954,0.0014049055147072693,0.3701543629218302
TCGA-QG-A5YV-01A-11D-A28G-10,0.03904476638182467,0.0009803538256151869,0.7546181379719255,0.0009802573743178885,0.0009804301314963787,0.2033960543148205
TCGA-AA-A02E-01A-01W-A00E-09,0.06272865409704163,0.0010327580107451048,0.7152699394056744,0.13320496987652486,0.0010320390976587923,0.08673163951235519
TCGA-AA-A010-01A-01D-A17O-10,0.13110427833123484,0.8112219864357819,1.9117161706500038e-05,0.00045865707223412505,0.04027546060395202,0.016920500395090673
TCGA-NH-A8F7-06A-31D-A40P-10,0.0015161144843788517,0.0015195347947284902,0.615711241695385,0.0015180709650713625,0.12530662909749937,0.2544284089629369
TCGA-CM-5864-01A-01D-1650-10,0.033905593231480735,0.0008105435104693595,0.7295236808379577,0.23413927743301755,0.0008101768973675449,0.0008107280897070986
TCGA-D5-6929-01A-31D-1924-10,0.0013392073669705555,0.0013374451037126821,0.7018698128955189,0.13293655385568454,0.0013358254373230943,0.16118115534079042
TCGA-CA-5797-01A-01D-1650-10,0.002514983597755591,0.002507897149491966,0.725521491621248,0.2644283819315997,0.002514723539789531,0.002512522160115154
TCGA-CA-5796-01A-01D-1650-10,0.0022451614958428957,0.002246112825152603,0.6442998562832537,0.0022477925571043385,0.002246557784630418,0.3467145190540161
TCGA-A6-3809-01B-04D-A270-10,0.03625560379759377,0.0001795975091705079,0.00017964179716607777,0.2018264027766535,0.00017940772453352028,0.7613793463948826
TCGA-AZ-5403-01A-01D-1650-10,0.09671173330186394,0.002161996356227239,0.6932760126464033,0.20353163198495916,0.0021616974093635337,0.002156928301182917
TCGA-A6-5662-01A-01D-1650-10,0.002750472764631776,0.0027549310526657307,0.8173078438458561,0.17166326848961472,0.002762548196198413,0.0027609356510332962
TCGA-A6-6780-01A-11D-1835-10,0.00016847447652296483,0.00016788447144577484,0.0027325439636075753,0.10581143415833638,0.00016801066328110055,0.8909516522668062
TCGA-CA-6719-01A-11D-1835-10,0.0014646363633970233,0.001466646121716977,0.4324189435584779,0.0014641067830057578,0.14237874549495677,0.4208069216784455
TCGA-A6-6780-01A-11D-A270-10,0.00015069209898384197,0.00015023878534409905,0.007449230125895289,0.07937917913789058,0.00015028230150332272,0.9127203775503829
TCGA-NH-A50U-01A-33D-A36X-10,0.12269924723078232,0.0019377599090495293,0.533254394530889,0.0019396588530900857,0.001935217719103144,0.338233721757086
TCGA-D5-5537-01A-21D-1924-10,0.0016054522699712234,0.001606113345177581,0.6922885020774423,0.0016053704811172615,0.10312488351868604,0.19976967830760575
TCGA-AA-A01K-01A-01W-A00E-09,0.0012059169899267532,0.0012056801027670618,0.7334989947315137,0.26168565166639574,0.0012006422769664494,0.0012031142324303026
TCGA-D5-6927-01A-21D-1924-10,0.00025833696298496685,0.020695465236196534,0.00025813573653417647,0.14856892368064042,0.00025826122170035813,0.8299608771619436
TCGA-CM-6163-01A-11D-1650-10,0.0015716658562937387,0.001572636212346657,0.8982838361292853,0.0015756614738880802,0.0015753898225669592,0.09542081050561928
TCGA-AZ-5407-01A-01D-1719-10,0.0016392322602625747,0.0016419562355427795,0.8057585683320241,0.001637265635388051,0.0016370080741777543,0.1876859694626046
TCGA-CM-5348-01A-21D-1719-10,0.0008936255679515845,0.0008949138512318853,0.8179667714921741,0.08090435253747504,0.09844421665213796,0.0008961198990293233
TCGA-AZ-6598-01A-11D-1771-10,7.744859634185755e-05,0.008032328595225815,7.744549457234098e-05,0.17157096148983658,7.747556204540636e-05,0.820164340261978
TCGA-D5-6539-01A-11D-1719-10,0.06151381212994613,0.0016855655378846944,0.7308933631907497,0.20253553737191576,0.0016848455119145176,0.0016868762575893107
TCGA-A6-2683-01A-01D-1953-10,0.004298486451276013,0.004310018648495112,0.6731047727718438,0.004320846287370859,0.004313064368741699,0.3096528114722725
TCGA-NH-A6GB-01A-11D-A36X-10,0.0010092343035489064,0.0010096572794659102,0.7751227457302965,0.12441848474620235,0.0010095654652235487,0.09743031247526274
TCGA-AY-6197-01A-11D-1719-10,0.00015721241460156437,0.012118168503400134,0.00015677423681885526,0.3072400974841962,0.00015706012463498104,0.6801706872363482
TCGA-DM-A1D9-01A-11D-A152-10,0.039739997248618916,0.0012497127394379714,0.7555100834014696,0.2010045471905951,0.0012471232842098637,0.0012485361356687306
TCGA-D5-6530-01A-11D-1719-10,0.00016967493061135976,0.00016986764978036022,0.00017016580461941044,0.056396169079788214,0.00016983110967296158,0.9429242914255277
TCGA-A6-5656-01A-21D-A270-10,0.0015126333377296056,0.00151419459889387,0.6456905309411106,0.00151543826845847,0.0015193001542935848,0.3482479026995137
TCGA-AA-3975-01A-01W-0995-10,0.06367358662726556,0.0011304772834029196,0.7557683804926306,0.14208009278143643,0.0011305120918805216,0.03621695072338408
TCGA-AZ-4614-01A-01D-1408-10,0.0008790421433668549,0.0008773020771213927,0.7861693853051155,0.12950838509657062,0.0008777871626867171,0.08168809821513896
TCGA-CK-4947-01B-11D-1650-10,0.0016570610163543086,0.0016484144284950868,0.8067462905237731,0.0016524718253517164,0.0016551278680208864,0.18664063433800498
TCGA-AD-6899-01A-11D-1924-10,0.0010152522193670017,0.0010171247754097396,0.7970132241970466,0.001016314189834715,0.0010173473866357155,0.19892073723170622
TCGA-AA-3949-01A-01W-0995-10,0.0001411750906584503,0.035944099637138405,0.010625119168936542,0.1484586523612298,0.00014102622591136596,0.8046899275161253
TCGA-A6-2672-01B-03D-2298-08,0.012489335793963394,0.00014570393169867387,0.00014571272887348554,0.09803106820822356,0.00014578370810069854,0.8890423956291402
TCGA-G4-6317-02A-11D-2067-10,0.0012766807513289612,0.041703873644996683,0.753279727708651,0.20118777238238586,0.0012751217745135598,0.0012768237381241155
TCGA-QG-A5YW-01A-11D-A28G-10,0.08819324920599976,0.001033156114730246,0.6160288407439838,0.0010336076563660771,0.001032577947073641,0.2926785683318465
TCGA-AA-A02W-01A-01W-A00E-09,0.0017537790745546272,0.001754678322277719,0.6865405561357204,0.0017568818115662828,0.001755155370483046,0.3064389492853978
TCGA-A6-4107-01A-02D-1408-10,0.03705389454293669,0.0008597577142962592,0.676383315703497,0.0008602422291453705,0.0008599016862450603,0.2839828881238795
TCGA-AZ-4615-01A-01D-1408-10,0.00017319188838306116,0.00017310558802734858,0.030401355913691322,0.054818639859601045,0.0001729570279511104,0.9142607497223462
TCGA-D5-6540-01A-11D-1719-10,0.00013250342380041112,0.029257997655845747,0.08562837799195244,0.021628734453986765,0.0001325398987284844,0.8632198465756862
TCGA-F4-6856-01A-11D-1924-10,0.0001779055804548042,0.00017777563081643004,0.000177863703774763,0.18791182688825947,0.008460543207733118,0.8030940849889614
TCGA-AA-3845-01A-01W-0995-10,0.00018993719116878333,0.04800576422582741,0.0666593376359185,0.07100665389792778,0.00018991453755378058,0.8139483925116038
TCGA-AA-3679-01A-02W-0900-09,0.002233637744535479,0.0022353964422912823,0.9888006624702124,0.0022435408278849147,0.002236179094203052,0.0022505834208728336
TCGA-D5-6930-01A-11D-1924-10,0.00013980368720592541,0.04717390860104489,0.00014009555680362498,0.18808233062767968,0.00014006147578233887,0.7643238000514836
TCGA-AA-3856-01A-01W-0900-09,0.0026708303165046653,0.0026652796516680633,0.9866384586322682,0.002672318469451352,0.0026791001846215015,0.0026740127454862282
TCGA-AA-3663-01A-01D-1719-10,0.027788816942836737,8.937028077529435e-05,8.924491991613891e-05,0.2881092265141568,8.918455366459786e-05,0.6838341567886504
TCGA-AA-A004-01A-01W-A00E-09,0.002418408094291965,0.0024084330695149712,0.6834273113859322,0.0024107410572803897,0.002408283144847045,0.30692682324813336
TCGA-CK-5915-01A-11D-1650-10,0.0018994483489385289,0.0018951215279373957,0.505986780298012,0.001889920938420955,0.001895976663972302,0.4864327522227188
TCGA-A6-2674-01A-02D-1953-10,0.009872974049623078,0.00989075752573581,0.47848676694692166,0.009912283467844956,0.00994576665111035,0.4818914513587641
TCGA-AA-3664-01A-01W-0900-09,0.001051767679642468,0.0010526560230403245,0.7179817125901089,0.025873526773002697,0.0010548038140791216,0.2529855331201265
TCGA-AA-A01P-01A-21D-A17O-10,0.00020047367992807112,0.01473166811486615,0.04046748019665352,0.10902272372766024,0.025397058806960887,0.8101805954739311
TCGA-AZ-4308-01A-01D-1408-10,0.0024371568871996685,0.002437435927912092,0.6081644338582523,0.24059789696761813,0.14392258478780057,0.002440491571217121
TCGA-DM-A28F-01A-11D-A16V-10,0.1049740297864423,0.0006765591336425915,0.7234551901087198,0.1695413138622095,0.0006758309924989241,0.0006770761164868419
TCGA-DM-A280-01A-12D-A16V-10,0.1519433819893626,0.00134751961877095,0.6934328039358765,0.00134981879690444,0.0013487553409452008,0.1505777203181403
TCGA-NH-A8F8-01A-72D-A40P-10,0.001580680100345437,0.0015833296296306472,0.8931786163685288,0.001589727762548872,0.0015841895456067063,0.10048345659333949
TCGA-A6-2679-01A-02D-1408-10,0.001058091587577902,0.0010593590324798996,0.6617680854227883,0.001061018144310815,0.0010592195919165391,0.3339942262209266
TCGA-AY-6386-01A-21D-1719-10,0.0014882216387764459,0.0014887982829782935,0.6584732119745064,0.0014902354914923266,0.001492156006807608,0.3355673766054389
TCGA-CK-5914-01A-11D-1650-10,0.0011790688870231363,0.0011792126959631161,0.7587122508267603,0.0011799308222280366,0.06583972853356618,0.17190980823445917
TCGA-AA-3852-01A-01W-0900-09,0.0011876353443885158,0.03899613187188065,0.8326990852984798,0.0011883219732750987,0.0011879525906347002,0.12474087292134127
TCGA-AA-3494-01A-01D-1408-10,0.001835228915160539,0.0018340988292432216,0.8236728788994866,0.0018342018852459871,0.0018306469528292244,0.16899294451803434
TCGA-RU-A8FL-01A-11D-A36X-10,0.0012079245277641462,0.0012089232121106493,0.6968218053649994,0.26991700809689856,0.0012098342231711917,0.02963450457505604
TCGA-CK-6747-01A-11D-1835-10,0.0013234227091496165,0.0013248698732519061,0.6305572997302596,0.0013251921021603362,0.06499373966153071,0.30047547592364776
TCGA-DM-A0X9-01A-11D-A152-10,0.05064225464102919,0.0008780273986042076,0.7867617745946821,0.07303360387924465,0.0008782655151392271,0.0878060739713006
TCGA-AA-A02R-01A-01W-A00E-09,0.02801213207127949,0.0001582324217940477,0.02497690909280204,0.1684698308743142,0.0001581027442489943,0.7782247927955612
TCGA-AA-3489-01A-21D-1835-10,0.09876490219274642,0.0016869665967550948,0.7292007978102036,0.16697944055643762,0.0016842906233446868,0.001683602220512422
TCGA-AA-A01I-01A-02W-A00E-09,0.0015046070868076128,0.08325725338548812,0.7127326700373359,0.0015075322454543203,0.0015047941846233895,0.19949314306029065
TCGA-CM-5861-01A-01D-1650-10,0.021098341666916834,0.00011917228584784162,0.00011920516682741775,0.3274952464972145,0.00011922282587326603,0.6510488115573202
TCGA-4T-AA8H-01A-11D-A40P-10,0.00128647979389058,0.0662826725479294,0.6573178413720772,0.001287005963702857,0.0012860055889570062,0.2725399947334431
TCGA-AA-A01Z-01A-11W-A096-10,0.0017582291632907026,0.0017575701495821426,0.6346295247990202,0.001756064981380228,0.0017605494842808313,0.3583380614224458
TCGA-AA-A017-01A-01W-A00E-09,0.0032270580064126175,0.003232707320495397,0.9629688157103587,0.02408854386738105,0.0032405670027919027,0.0032423080925602856
TCGA-CM-4748-01A-01D-1408-10,0.08595325679939725,0.0025183694764838544,0.7500705822428174,0.002519305397454253,0.0025133260437939634,0.15642516004005338
TCGA-A6-6142-01A-11D-1771-10,0.0020902230766898363,0.0020750449117554783,0.8326328380329953,0.15903770329408576,0.002085056349337287,0.002079134335136252
TCGA-CM-6167-01A-11D-1650-10,0.0021119429456592704,0.002112379685490319,0.7892980938527906,0.002105168156670126,0.0021056689635603203,0.2022667463958295
TCGA-NH-A50V-01A-11D-A28G-10,0.0009850217258104844,0.08612806870932826,0.6280923474112338,0.000985504684117302,0.0009843768879998673,0.2828246805815103
TCGA-AA-3812-01A-01W-0900-09,0.0014147877869935405,0.0014161502350378918,0.6852913011833016,0.12297509487465164,0.045896164568189055,0.1430065013518264
TCGA-AA-3815-01A-01W-0995-10,0.013268190517307316,0.00019155965382983015,0.0386352812735925,0.15357766323304725,0.00019176869394066853,0.7941355366282824
TCGA-D5-6932-01A-11D-1924-10,0.06618681292695698,0.001267414325081532,0.7287695052000395,0.20124407175823855,0.0012650643975481788,0.0012671313921351177
TCGA-G4-6317-01A-11D-1719-10,0.001561174649430894,0.0015622052747474786,0.8502502905405154,0.0015623019633197943,0.0015625256768068514,0.1435015018951796
TCGA-AA-A01R-01A-21D-A17O-10,7.855736474621258e-05,7.860675171639354e-05,0.0013238895915793677,7.863489909638491e-05,7.870474816873179e-05,0.9983616066446929
TCGA-AA-A01R-01A-21W-A096-10,9.056456150089856e-05,9.062652336429711e-05,9.067668687742593e-05,9.065725737683753e-05,0.004620593160676201,0.9950168818102043
TCGA-A6-2686-01A-01D-1408-10,8.316641854813281e-05,0.00975876921267812,0.029233194154543323,0.12034789439632797,8.319335117540179e-05,0.840493782466727
TCGA-A6-5666-01A-01D-1650-10,0.14558331792290208,0.0018131977199996965,0.5641486090948573,0.001804718681312993,0.0018140262358850093,0.28483613034504296
TCGA-A6-5660-01A-01D-1650-10,0.0013061768307694838,0.0013064239419693625,0.6855364050595322,0.0013057865994776092,0.0524438263517075,0.2581013812165438
TCGA-CA-6715-01A-21D-1835-10,0.00200079642247927,0.191226642886811,0.6748232161814943,0.0020045171462078144,0.002002228182034973,0.12794259918097245
TCGA-AU-6004-01A-11D-1719-10,0.00018830879306766572,0.00018843859329727386,0.04101972011570824,0.0001883268313847624,0.00018842979964149069,0.9582267758669006
TCGA-AA-3514-01A-02D-1953-10,0.005289095446341478,0.005296069734024141,0.5516919060598835,0.005237056627106648,0.005278089640383327,0.4272077824922609
TCGA-F4-6855-01A-11D-1924-10,0.0015365357912102487,0.001536239801057273,0.9004680723314575,0.001531618768082364,0.0015332050065144254,0.09339432830167813
TCGA-AU-3779-01A-01D-1719-10,0.08507794580134989,0.0014661940877366691,0.6934238089746785,0.0014676907402525663,0.001465465497444364,0.21709889489853795
TCGA-QG-A5Z2-01A-11D-A28G-10,0.021524345308828654,0.00016195548987843117,0.06384359824264635,0.08663765405408659,0.0001620575343813546,0.8276703893701786
TCGA-A6-2684-01C-08D-A270-10,0.0015821357198492424,0.0015844394045174588,0.8246778228271695,0.0015889285081443216,0.0015861507991848575,0.16898052274113445
TCGA-CM-6168-01A-11D-1650-10,0.0007614992893628104,0.0007625422184783273,0.46153061697601244,0.13064531027850673,0.000761984558273631,0.405538046679366
TCGA-G4-6320-01A-11D-1719-10,0.0001589103269660767,0.005816617668496288,0.2660388881490318,0.00015902795753985368,0.00015903496863939535,0.7276675209293265
TCGA-F4-6854-01A-11D-1924-10,0.0014065481410581637,0.0014034003644357005,0.7815195733539323,0.1331425618430228,0.0014050497024191025,0.08112286659513203
TCGA-DM-A288-01A-11D-A16V-10,0.002251134519877061,0.0022533170773796677,0.8311577265786172,0.0022465306349901916,0.002245193132380614,0.15984609805675534
TCGA-AA-A00O-01A-02W-A00E-09,0.0019159520221323923,0.0019164520215535028,0.7072901330888351,0.1317877438830872,0.0019159539618803932,0.15517376502251126
TCGA-AA-3548-01A-01D-1953-10,0.006991581298961519,0.006998567289419216,0.5148867927761961,0.00699042702465684,0.007016883616760522,0.45711574799400573
TCGA-NH-A6GC-01A-12D-A40P-10,0.0014281015299872407,0.08353901773984145,0.9107535294640768,0.0014244813159771676,0.0014247829533614682,0.0014300869967559106
TCGA-G4-6303-01A-11D-1771-10,0.001574899963422629,0.001574935804316301,0.6570228060650022,0.0015739270014156468,0.14398253743286532,0.19427089373297785
TCGA-AA-3977-01A-01W-0995-10,0.4506179172019097,0.37955788533374074,4.314198819154318e-05,4.314457026772739e-05,0.16969475370102705,4.315720486338141e-05
TCGA-A6-6650-01B-02D-A270-10,0.001544534591487986,0.0015464773238845122,0.8376703571693869,0.15613267270665326,0.0015481795425773485,0.0015577786660100534
TCGA-NH-A8F7-01A-11D-A40P-10,0.0012774352474325293,0.042573713988152885,0.836273979412111,0.11732060650479731,0.0012772639175565943,0.0012770009299498026
TCGA-D5-6931-01A-11D-1924-10,0.17738505749626224,0.0005210672776909953,0.5377825003781356,0.19030383493386208,0.0005209189827592413,0.09348662093128984
TCGA-AZ-6607-01A-11D-1835-10,0.0021678686662472088,0.002155788586525204,0.8502030590922421,0.1411499713955165,0.002164590109352723,0.002158722150116379
TCGA-A6-2671-01A-01D-1408-10,0.0019469841135242778,0.0019430112533138616,0.8448955276675512,0.0019405600157410552,0.0019429076387288975,0.14733100931114082
TCGA-D5-5541-01A-01D-1650-10,0.0025849827837859723,0.0025848599680699256,0.9870438129855561,0.002597760766748514,0.0025941991364308806,0.0025943843594085354
TCGA-CM-4743-01A-01D-1719-10,0.00015142237034661632,0.00015139382963783558,0.035080030791565964,0.0900176423810155,0.00015123509648675516,0.8744482755309473
TCGA-DM-A0XD-01A-12D-A152-10,0.0009796821090290696,0.0009802698381891968,0.7228933941114951,0.0009807487430644277,0.055006217192595214,0.21915968800562693
TCGA-F4-6806-01A-11D-1835-10,0.0015505346321626596,0.0015523198804276055,0.6951164649180269,0.001547295822196032,0.0015494272828599424,0.2986839574643268
TCGA-AY-A69D-01A-11D-A36X-10,0.0008102081064046543,0.07951414470018162,0.7167790717182335,0.000810725649456333,0.0008110429518426345,0.2012748068738813
TCGA-AA-3831-01A-01W-0900-09,0.0015902991276685531,0.0015905625692576087,0.6769139574447629,0.0015910264829333705,0.12861573836021134,0.18969841601516624
TCGA-CK-6746-01A-11D-1835-10,0.020638102807721062,0.0020772738076321544,0.00022600130008746148,0.16263175396336352,0.00014975403242058406,0.8142771140887751
TCGA-D5-6924-01A-11D-1924-10,0.0011978359301514593,0.001198295103726253,0.8251726527843989,0.1700395798449753,0.001196095487494562,0.0011955408492535552
TCGA-AA-3968-01A-01W-0995-10,0.08584347939724979,0.0013172504769508302,0.8114091997620727,0.0987953795998842,0.0013169815959876694,0.0013177091678548034
TCGA-CM-4746-01A-01D-1408-10,0.0002329263980526118,0.02239754089378418,0.03827003846793045,0.0002329773065870976,0.0002333084727904909,0.9386332084608552
TCGA-F4-6459-01A-11D-1771-10,0.00131767197768749,0.001315562593651643,0.8261254157292643,0.08567730824194666,0.0013168985984607757,0.08424714285898913
TCGA-CK-6748-01A-11D-1835-10,0.002559281815221717,0.00255205396824879,0.6216325532979895,0.002549916879629767,0.0025564538324060132,0.36814974020650426
TCGA-F4-6463-01A-11D-1719-10,0.002127135305091481,0.002129560904129118,0.4679587940551173,0.0021337696623665533,0.002137412453127402,0.523513327620168
TCGA-D5-6538-01A-11D-1719-10,0.00113738985024955,0.0011380346563835434,0.708328938767271,0.0011390329970198487,0.0011390536092686628,0.2871175501198074
TCGA-CM-6677-01A-11D-1835-10,0.0011778834263369055,0.07765025934203185,0.7411065370280909,0.001177669728435059,0.0011783335602042102,0.17770931691490108
TCGA-AA-3864-01A-01D-1981-10,5.841530472243003e-05,5.849407295573208e-05,0.006308265288422289,5.852583009322085e-05,0.015772085983947786,0.9777442135198586
TCGA-D5-7000-01A-11D-1924-10,0.0014850865785693559,0.0014894594456909232,0.8157454415604751,0.0014915184922478146,0.0014904053778646334,0.17829808854515208
TCGA-DM-A282-01A-12D-A16V-10,0.0017204814599734181,0.060558828635437253,0.68122418427731,0.0017184657164491745,0.0017214300760059968,0.25305660983482403
TCGA-F4-6805-01A-11D-1835-10,0.002350515452972285,0.002344361803870787,0.6608467568935816,0.0023428074922420402,0.0023451325358156056,0.3297704258215176
TCGA-G4-6295-01A-11D-1719-10,0.0011090239475880428,0.0011086480845952419,0.7722933458455287,0.22327080715058972,0.001108837213322814,0.0011093377583753106
TCGA-AA-3818-01A-01W-0900-09,0.0011023364906939063,0.13917564633139298,0.72536285768922,0.04042411738626219,0.0011008807089418044,0.0928341613934892
TCGA-AA-A00N-01A-02D-A17O-10,0.1625613327157721,0.10868419347038,0.0013265252573820981,2.809820731001371e-05,0.7010759233055169,0.026323927043638826
TCGA-AY-A54L-01A-11D-A28G-10,0.001134894352561013,0.00113324252456271,0.6740238576662869,0.001131051494388372,0.0011331945178013787,0.3214437594443995
TCGA-A6-5656-01A-21D-1835-10,0.0015989697156549127,0.0016008395321517857,0.7179048107303356,0.0016032728871295439,0.0016054785911190114,0.2756866285436091
TCGA-AA-3685-01A-02W-0900-09,0.001914509640618266,0.0019172695091396335,0.8476112464978757,0.0019176178762624486,0.06483872568192152,0.0818006307941826
TCGA-D5-5538-01A-01D-1650-10,0.001439409175806853,0.0014392392822548054,0.6300010792476989,0.0014412835765692845,0.001439527442869228,0.3642394612748009
TCGA-T9-A92H-01A-11D-A36X-10,0.04853907685067388,0.0009008479062810263,0.7474375275383097,0.2013214659174746,0.0008998656414854059,0.0009012161457753226
TCGA-AZ-4315-01A-01D-1408-10,0.12787002269050476,0.20573155268254398,2.3348476428912073e-05,0.0028080306829999166,0.6316296533308648,0.031937392136657694
TCGA-AZ-6603-01A-11D-1835-10,0.0022149364217213113,0.002215650630997798,0.8338690325227526,0.00221877495702622,0.15300100488945922,0.0064806005780428
TCGA-AA-3712-01A-21D-1719-10,0.0010536726103317468,0.11409705447000408,0.8305409061603963,0.05220446134610207,0.0010528882545442337,0.0010510171586215402
TCGA-G4-6311-01A-11D-1719-10,0.001102672519388842,0.02238960276115855,0.8503773547766353,0.03259638079019128,0.001100291573530561,0.09243369757909528
TCGA-DM-A28H-01A-11D-A16V-10,0.0013978758581265542,0.0013960340753939816,0.8762235248128423,0.11819311815184927,0.0013952457454984458,0.00139420135628932
TCGA-A6-6654-01A-21D-1835-10,0.0008370114185876466,0.0008383877774010663,0.7234815197125264,0.0008357193683502357,0.0008390170898304324,0.27316834463330425
TCGA-D5-6534-01A-21D-1924-10,0.04727223854723307,0.0010478006973750743,0.844901821458363,0.0010479000815110638,0.001046800364841774,0.1046834388506761
TCGA-AA-3984-01A-02D-1981-10,0.22774255361552076,0.11800980667997125,3.011958259256151e-05,0.001245098713956511,0.6398355841497401,0.013136837258218985
TCGA-AZ-4681-01A-01D-1408-10,0.002099918353657061,0.0020988984014221382,0.8491690796284597,0.0021026971104524074,0.002100557469845885,0.14242884903616285
TCGA-A6-6649-01A-11D-1771-10,0.0014406013232516435,0.0014433588965566233,0.672527861511951,0.0014418142589503016,0.0014416438319695723,0.3217047201773208
TCGA-AA-3715-01A-01W-0900-09,0.022936142793645,0.03890895081512168,7.906883874006992e-05,0.43834029380317463,7.908866060289778e-05,0.4996564550887157
TCGA-AA-3814-01A-01W-0900-09,0.0015583188175126888,0.11012697479518886,0.6482445918890659,0.0015607006096274867,0.0015599571377528986,0.23694945675085213
TCGA-AA-3531-01A-01D-1953-10,0.008397754570968119,0.008420087753269717,0.7686960927859622,0.00842226315077289,0.008386221789473436,0.1976775799495536
