,A[C>A]A,A[C>A]C,A[C>A]G,A[C>A]T,A[C>G]A,A[C>G]C,A[C>G]G,A[C>G]T,A[C>T]A,A[C>T]C,A[C>T]G,A[C>T]T,A[T>A]A,A[T>A]C,A[T>A]G,A[T>A]T,A[T>C]A,A[T>C]C,A[T>C]G,A[T>C]T,A[T>G]A,A[T>G]C,A[T>G]G,A[T>G]T,C[C>A]A,C[C>A]C,C[C>A]G,C[C>A]T,C[C>G]A,C[C>G]C,C[C>G]G,C[C>G]T,C[C>T]A,C[C>T]C,C[C>T]G,C[C>T]T,C[T>A]A,C[T>A]C,C[T>A]G,C[T>A]T,C[T>C]A,C[T>C]C,C[T>C]G,C[T>C]T,C[T>G]A,C[T>G]C,C[T>G]G,C[T>G]T,G[C>A]A,G[C>A]C,G[C>A]G,G[C>A]T,G[C>G]A,G[C>G]C,G[C>G]G,G[C>G]T,G[C>T]A,G[C>T]C,G[C>T]G,G[C>T]T,G[T>A]A,G[T>A]C,G[T>A]G,G[T>A]T,G[T>C]A,G[T>C]C,G[T>C]G,G[T>C]T,G[T>G]A,G[T>G]C,G[T>G]G,G[T>G]T,T[C>A]A,T[C>A]C,T[C>A]G,T[C>A]T,T[C>G]A,T[C>G]C,T[C>G]G,T[C>G]T,T[C>T]A,T[C>T]C,T[C>T]G,T[C>T]T,T[T>A]A,T[T>A]C,T[T>A]G,T[T>A]T,T[T>C]A,T[T>C]C,T[T>C]G,T[T>C]T,T[T>G]A,T[T>G]C,T[T>G]G,T[T>G]T
Topic 1,4.843246021643873,40.23118231543586,3.7527277132373205,52.01805224306588,6.73858144931818,4.296596870475717,0.10001564408680869,1.6462172729398998,16.920563546503494,72.2316848504577,319.29642345997695,61.74430577092916,12.100935274506131,5.744418391451939,0.10002351613397642,7.184069856285162,34.25385648430749,36.40641332607091,12.409139254223897,38.15427489246269,5.064474065188624,19.232707443816892,1.8293023419689338,29.078021047140158,51.57973657566981,11.431516708224677,6.115442354365872,97.32451989440827,0.1000191214693532,0.10003886683548995,0.10000929444453771,5.291290733456959,19.21935772073135,32.20554069429508,235.76631282024252,56.41949429437886,0.1000185104042253,1.5763171091645038,1.086538088168979,2.4390330778695466,4.561901070000517,0.7595273332127196,7.055043045192687,19.162627722485976,13.500551430676383,9.373141300341638,41.08918293961138,75.1554699059895,31.487357781106873,39.25343784343469,2.957098788741257,49.23426055790578,0.5419827488025468,2.227516081132201,0.10000232996738696,0.10112026327160673,50.2706185106116,311.03200440193405,733.08871361964,423.87178766496123,0.1000415692051423,7.098905118501514,0.10002887511842443,1.8295098309422693,184.20503831764768,42.846548131911106,85.60468533186562,88.36010011619257,0.10003383540959794,17.540063364419545,0.8827485785066838,11.758058199013126,718.7095392582513,163.84633233076153,44.26993195384919,4093.503508189134,2.0093577044651965,5.66132294678389,2.1866534575252743,1.1549864542914767,159.53551518818583,543.5828129467712,8776.985015613414,964.3919614545073,1.3363080982136633,4.389994733224274,2.210969097401641,10.90153063406151,22.617446918136395,36.239866140581874,23.454102863025884,57.231918144656774,92.16632255074501,96.50819870612418,40.28088697737716,529.7620164751493
Topic 2,5.864152425816506,25.506844528448926,78.06937038517803,5.36334950311383,107.02950305154916,53.453796844946304,0.10002584654280113,18.23109393178116,17.721572148325414,4.041863852769519,125.50619027181057,11.672956333193108,0.10002233209920784,0.10003629589129832,331.67508937231077,19.871446792007387,13.32684392520964,0.10365991008551341,75.00388166295261,171.08193611186076,19.61190239126311,0.10003560162557576,0.10002664359464385,18.089319480871623,32.72385468117669,84.31192873901132,0.10002169786371776,15.027808663660963,30.806251859633075,3.6505802394085496,0.10002272722303515,0.10003145228771503,98.23629886404542,25.404971993399293,23.13143667244158,45.26470609127657,0.10002774568230885,0.10002909678303129,94.36894578886535,4.58966126789496,0.10002542754195447,0.1000354875731174,0.10002821478557362,3.5360395804970275,0.10004004638831791,6.795706252114426,0.10062075614578832,0.10002667845111908,30.267036825975733,0.10572349961951548,0.10002634817299579,43.757626835269065,0.10002660333291089,0.10003988097962578,0.10003989179144349,0.10003082608914088,244.43474079283055,3.861593627229675,164.91283055172136,10.338669135656922,0.23938539377115528,86.0227300416978,0.10003038181464383,27.98049227840833,0.10002777270541977,11.623762200568045,8.731554940114687,0.10181877822886842,0.10002908931197675,20.391506905481762,34.002362272862726,22.74363890191855,110.53317587531822,75.97117794751063,17.141641148943428,87.04988170196289,5.037144396182679,0.10002631015103565,0.10003040792943414,0.10002638950507098,111.8891988163133,8.260475152418287,138.59772616444658,186.78202799799163,7.079138915978646,29.81210668348501,16.906440753129445,0.10002835943072241,21.014581788458532,0.12457198368313704,8.394899634087436,44.78098417027762,0.10002228278282554,0.10003684747109516,51.74162770544073,73.87802519447705
Topic 3,63.73672289255991,67.52490957932889,16.01434749605583,22.123592674797933,66.87646206122449,74.89114528267027,23.608377536619468,81.44046521101606,210.91243403904295,64.33006318386619,246.32120670544452,67.65881161006222,4.327923848130598,35.27598993812738,39.35442347943037,23.468865268116716,31.741885875739708,26.810061720966644,53.481410856952564,43.27757070250825,2.1432198695176696,14.00354260509502,13.15722753396798,10.313483015771663,88.02265966943504,47.02934867536192,15.967105809807798,48.02390375915233,171.97064728191623,32.97091239486311,14.895263588989847,164.0527375337254,578.2467259235558,129.67536129282382,341.10799967923185,249.84734161434187,8.570649437899407,18.27585256724398,18.291482154222244,14.014449302055395,10.74396710672178,20.089548072280753,39.673129680503834,27.629307539397733,4.387313608736595,12.073168135734344,7.679955971106158,23.57834458707294,47.66557937166306,60.283737995666556,16.99904981932347,40.36130024490811,59.43907928352504,44.89114653325783,21.300048753476855,83.37868423132848,302.6201336420626,182.4626999415326,237.53102566230376,146.78639214123837,18.09797933124509,35.76780821650598,14.610841857220471,5.190567686682627,31.12444820206271,13.215250525426107,21.311988301144247,20.839681015121833,4.019164622204195,5.125143569923939,1.1412895051363177,3.5842211061058626,1390.198253626487,735.8695236525903,186.8229974569186,579.4809832545433,6463.347753628691,2106.7133986645936,611.9104391875122,7592.533868622138,11074.706327203108,2885.9487521421756,2679.856558622962,5395.998491808835,4.7355626300884435,21.23087911507046,3.499781245265838,10.044174722028368,18.0564290228135,37.23750379035795,16.147077665422266,17.403763681662,9.37302863554285,18.15891396083697,18.535613608387468,7.217579697454046
Topic 4,3560.8085711119193,3852.8788228163276,2473.087894444787,2341.0632086529286,842.3307755578575,559.314669842088,362.8795300978337,531.7620889031122,1283.6919148442566,820.8956305158076,621.9550095426514,679.3664181081975,478.9249827422329,428.45672475909174,963.5398340189354,291.4342710120094,876.1463760680166,194.3393073648942,983.1332354256878,357.73956566488994,87.675640430801,82.35640930415607,169.8666938669946,57.607367078764824,7838.9214205784865,8144.71765274824,3605.219939083595,6345.49927527696,1153.5934135712553,921.5209668075029,653.6414563238953,1074.5912164127328,2871.4895312058693,1973.3423157710354,1476.429760788349,2380.083907290682,744.2867793878655,1093.1038770672164,3466.2297788893893,1079.321156969811,448.35190445291215,362.6347019916385,1133.349972396432,455.2415478801463,78.01319050864821,87.23225280125267,573.6217524808843,65.37865418163273,3582.664992041462,4575.0970654803305,2630.001521143169,2607.6325110380844,693.7241481230201,834.5767636929438,653.8141180481638,615.857257070285,966.7130325109597,1100.9288820662828,864.2213485740948,1031.6430523325096,715.5641595334703,528.4579481550223,1271.8104690847022,448.82613631057495,606.3908682254528,279.6095908369741,559.0473935556835,339.17913747242176,120.245266787699,52.75051772907063,264.43362880216495,59.50446637192722,3400.207806449499,5924.052027214901,2057.490737686967,4217.376419102575,1076.9926952011613,1169.3466550695682,427.7108010584505,1210.3569041734063,1641.2828017752463,1665.66172979998,506.5790927493601,1275.2914475058997,358.1045755158548,489.1060974530579,807.4797037641741,337.60976361484825,254.95914433655165,186.61053230682163,364.96573372985006,225.62907217723262,56.56186806076895,75.7012045757827,240.67066347163575,14.186683900675986
Topic 5,229.66843286975654,358.50131962869057,62.764191134408975,83.08441033595109,68.6355532176822,75.61479904816866,29.696639058515178,116.76363517952164,612.0080687984878,828.0654479428833,196.3924742812828,509.60596858947093,277.53413846223697,394.82059491267034,189.3988868123606,236.55199956614138,426.91732345250756,164.60132567186614,422.8099679635273,415.3187839775499,48.690737997657514,74.46306355130584,79.7837180687345,92.66960641321971,257.05266795894863,154.8195641759827,84.77647899577745,102.27997439595762,96.3083115252592,53.37467361865336,45.616953916807056,91.4236634010532,1078.9131438220516,1078.2172335698353,228.37584456760283,1072.9861301509093,189.7556854647233,243.85342318160596,295.50835273100944,245.78827888192697,274.42038839404853,253.55166868692942,286.7527835343776,441.0530320141961,11.362733738913066,112.10394864517909,106.1419490196541,278.11633797888436,157.25731184186557,284.61287410355874,146.0444626048849,129.80514501462054,139.95672326208896,211.99767812396098,72.48064744493203,107.87697059247876,729.0517780817456,881.4887028695896,185.934937690892,640.0849039138936,187.40582250052265,214.4567421883004,246.03918319215597,154.55075960141087,448.58585714181265,154.35975821307017,316.38743547338015,472.6003899464205,26.304601372970406,56.721522068221745,42.750465618484064,84.47947062264865,156.69124453322115,365.41410433819163,98.12443048754342,185.00804834350387,79.82512802430342,113.16656853682011,26.09522533690574,263.4562670772888,1715.3132791027388,1900.1515245928938,333.41202498868404,1661.1813681588826,155.30903815198775,223.3061181155796,163.97888107985057,166.94457022357557,191.89607309705076,263.78517859918577,180.75608484521103,172.45109827777483,58.29613419695376,108.07606879321168,81.85013790264172,76.51626495812039
Topic 6,26.35332331355107,39.981490404807175,2.5488796620914433,157.7120857038073,45.34076602093603,63.42297896432445,10.737217051392028,142.351610538676,1799.8786553089615,1341.8113324395179,10905.268881139193,896.1734805385639,55.650094646207684,297.3743970314217,21.152642204838994,365.2012415759771,949.4276633983186,969.9956669320127,2278.3224069908974,303.89039244078657,17.374451456685833,103.76515177688655,39.134117720145426,96.04239416050567,843.5694653785357,1823.3994752145136,735.2788104051702,5349.792265286318,0.8630314823324863,2.6975063819169125,8.953992939242207,15.949846607897408,637.2645101729184,912.985464490245,10061.556232336687,753.8256094412642,18.82015713048856,236.54590554256814,62.97357954396976,102.64861758430675,819.5820408908455,970.1389239745308,3243.7026543738716,802.2127349541795,47.24968398885255,453.0384521622022,572.5837651285077,649.3619145625876,153.10561423614075,475.49677256734793,106.82063916619074,1146.6434953272699,18.048706317471467,226.1053405366658,13.379226755152443,55.369516240483556,4246.731129642291,7340.615891760001,19145.09186204555,4358.117102851484,28.042780510619934,282.04987966657245,126.46971473658692,115.81654236773615,2434.9303493358143,1601.1635415989244,2329.9990312424234,1106.0841336478447,12.925056964705812,152.73957091333256,115.00542239379749,340.78035916243743,44.00023530553529,212.74192778568874,61.87849197474061,533.3225619433989,4.8063827872464095,16.52358366561795,0.4425699280024704,19.11971668737873,347.3667417283431,623.8082991553716,4953.3803202198715,255.60950687251022,43.6409627616144,28.933410189652232,16.23385757970418,11.159616416056325,582.6162477189984,761.925209534231,1062.3327277995636,381.98354076362097,2.524412542601893,50.33033650407263,57.34372000724056,62.72611416014709
Topic 7,367.5018869678971,602.2000627807004,78.913829949681,309.4766569385366,455.07716002927765,491.83543657770684,298.1744993939505,549.906996534119,520.0736480884727,343.00894089775795,1045.1038933508999,432.4267585747639,118.43354569332622,262.52785589395927,117.29114116470252,129.5025606759618,411.9054093289914,355.2149703799443,547.5987473574781,361.49097918238937,118.65674395717856,109.77071404756389,167.9220678085052,97.83191249865273,421.07904919665185,206.30208757979744,33.937527935673984,181.64448938020283,445.8408978179515,449.5346119809697,307.9823012173421,708.7449218787254,593.8513865619883,407.2520711195697,895.4193948008184,650.9487560508379,58.944931303678565,283.84624652450293,266.27825744634316,364.4872593788156,157.2841263995466,394.8405602723825,395.2906850862634,395.0116218300953,112.601813075236,186.48560725798455,367.29889151180475,353.3820422806905,385.0777532863597,404.93074518942444,60.03371906819716,387.8260620828401,299.67612473165525,372.8126294204586,86.0249516294425,520.2574361129166,481.82866087408553,518.3522432179291,803.4734226526879,492.9183896558421,94.22701954493382,154.58306958014393,142.4561214555738,155.09868706940145,273.0954132781672,276.14186451566457,236.21014471772205,310.60860084950036,118.93978445007453,105.93054593938312,229.92881710202875,139.01583006198356,429.04955898699535,555.6735642973468,150.94901448270176,304.45204932909144,1078.122934224546,866.4295024399252,276.5862456941264,1646.9143903627603,828.5261478508614,687.5830350373454,539.4229297978114,455.98986045219345,102.60576226443949,197.0937226095076,138.93179884227385,205.41550949165583,147.58202062913355,333.2069010938405,193.56658417627924,235.9622792114628,128.18145235653805,168.60584935555795,183.44654623504306,207.31670392157085
Topic 8,438.290721769288,421.9348831907473,78.21032492832286,269.59477672906456,105.17208288546826,156.33311565033887,26.712752049703234,147.25819047173474,718.9084391305486,730.9821362080764,9610.295072013423,506.72086702722675,62.53080807189445,150.6840932085312,42.205839405380075,157.00776204147195,209.30349234534668,214.0348895727779,248.52555410908,372.6706441273548,50.84675750120573,39.43285531510142,76.47734793773832,78.54914181039464,421.3379924881755,203.2109737544301,78.29381488965234,238.57171031102726,102.6894015452301,86.77455906026431,73.84191759901023,139.46775798554773,873.8834371495628,791.7536824264386,8781.121842068618,768.1601378338411,41.29160507539863,111.56996591631547,116.5819073926159,156.71245993753163,115.53012866843433,250.52203357301477,268.93316972119027,290.3482355293211,41.85895193960817,95.81942528509383,127.18536987081792,316.76756232552896,951.2825243626609,386.0450030977212,175.97666311299352,578.3965215620252,65.40686056730735,139.8072783253749,24.154008666973073,130.12962611100605,697.100911777994,818.2253251723768,8846.87870757233,733.3943979157333,39.26080772147584,60.79340584136973,62.7181329288818,76.34133636321356,176.30846013858013,228.1032875752139,87.49571380450784,249.76223027131948,54.16265894929975,36.985446636286426,85.20005691889618,84.22194655833589,509.0731730602758,509.7390047226272,257.62152830976174,409.8352200819675,105.59509736516313,118.10821176523802,44.74183706870092,196.19234119917476,754.207023340828,899.2957105828959,4914.030918836472,619.671207434094,64.476178424448,105.50263061459204,59.216273290196774,148.70276248230795,141.45404309498514,192.88271936335582,109.50463777113524,181.87149499392683,55.28384489692193,100.00969329290714,80.97629615295813,116.59245374991421
Topic 9,484.0279868141474,477.53391812891357,331.01572866169647,549.4334201263899,72.25468561805032,27.770170150120542,102.89092046933536,42.432393854885014,112.07770481140678,190.36268551446562,361.50243926572875,120.76228895565445,75.93950494558109,80.17067068818078,180.4462766446499,89.92903018319373,166.33652459053468,161.01045954861377,247.6881446945024,141.2651942568625,14.9670772056305,15.215898115613717,72.34555210632836,62.24462804623091,1200.7326784375227,950.9281242433192,1745.9735514308766,1134.3465838307457,121.72801075450492,178.97330840508616,217.76807130581454,74.12738666994483,197.30880062381493,241.5735718352541,415.44299426889694,274.237759955987,162.0310981931469,180.40377265574782,901.8885639974819,147.84399794701946,188.35502113254262,124.86996833491993,392.1131914265409,194.83836834971552,17.515586394021838,85.20488721264844,115.91073526541685,376.3254121418164,785.0984627768402,702.1246593348836,913.6355350037131,659.9291299305099,147.27939644579558,137.52732391804685,232.54695531749886,99.17702890162975,124.68079302077014,202.57517349961486,339.0256400730932,144.4177216916568,95.17904913703458,73.64995474766015,226.4688794227444,122.68701793692978,88.95679797854302,100.55545869392867,164.70423321779947,78.60455406566001,16.689490065444538,42.82189224849533,53.24643698406941,91.29765883710195,755.132757746719,1190.2061887074199,311.6409670384244,846.8907837718475,93.51462238443608,269.8506688925219,124.39673739193734,132.0714792095791,121.68560106104172,272.4941899265745,446.11624541418274,218.5394733680583,96.371826276835,75.53464370685631,227.18356763358167,129.0073726759906,139.851565278357,100.9172793704873,88.09849444450619,95.65041800339422,25.409121238178106,53.1588653213319,95.77852489276283,177.5492609684227
Topic 10,28.904955813317592,76.70656662649526,1.6227056244371645,525.1304470922362,35.54443010852835,20.06729076905096,0.10002285191816473,5.2073081021047045,23.806999283886054,298.27021459428875,915.3584099694724,277.8681444918279,11.458043983676097,19.84521888056372,1.8358433811557875,118.84875302872469,285.640624530917,426.48324557265687,172.02751168459022,237.11065864322632,79.96899512476394,261.6596222387237,88.38394597191218,1051.574126448337,113.98047503528855,46.84932816101023,16.337307397109697,1079.4894692014673,0.10001504035562866,3.4028422443928124,0.10001108713625814,1.2511473245224698,59.586807955350345,84.58978680699381,474.648181996993,197.22615727637222,2.0990477506066783,29.724610338741584,7.7925939678295775,55.15508565266085,30.070496457294997,173.49303227340775,107.02934252073202,96.96648459985568,139.41013526880758,108.8734109473384,172.38777705594046,1184.834235357238,41.09336747581797,178.04998088790134,7.431284944505984,758.4139474064584,23.826951916893268,45.954283487068075,0.10000116250895727,24.752329650402284,159.56820114652987,1646.4574834433815,3782.8415115576045,1662.4275826969044,4.882954757610199,12.119556444115904,0.22659806509555278,31.678950554590106,735.3027396091019,1447.3809377082057,371.5078194152481,980.8593538371802,74.51391386276941,172.9937906252746,119.40877182394533,363.61435017841967,1665.4042551575944,394.4861490028559,120.06025946004249,13376.080544281851,1.7488842837044962,0.10006170867642647,1.8294604688049014,0.10001982437194082,133.48736393324214,947.2134706634622,9034.61916759269,1715.5446549469175,17.34064696043028,39.090396778867216,12.358726714316049,157.1146713799396,238.95244811540343,682.0702378173427,325.7796570708075,484.03543057588183,284.1037932388624,497.35083264259424,102.37598304640261,4129.254896973972
