sample_id	1	2	3	4	5	6	7	8	9	10
A[C>A]A	0.49924606	0.0	0.28719142	0.30312443	0.0	0.0006027445	0.0	0.39210683	0.0	0.46789533
A[C>A]C	0.47111666	0.0	0.28925037	0.2418006	0.010407681	0.0	0.0	0.44222018	0.0	0.45734292
A[C>A]G	0.33419886	0.0	0.19099398	0.16933706	0.0064345165	0.0	0.0	0.3125813	0.0	0.32297194
A[C>A]T	0.34622002	0.0	0.2108543	0.21548498	0.0	0.0	0.0	0.2735884	0.0	0.31697
A[C>G]A	0.1842348	0.0	0.10263139	0.11602051	0.0	0.0	0.0	0.13415702	0.0	0.1482364
A[C>G]C	0.15530786	0.0	0.06838767	0.10066503	0.0	0.0	0.0	0.08717423	0.0	0.1254559
A[C>G]G	0.13673928	0.0	0.06339818	0.089246735	0.007950326	0.0	0.0	0.090798885	0.0	0.104634084
A[C>G]T	0.15573281	0.0	0.088945135	0.097809814	0.0	0.0	0.0	0.09404601	0.0	0.11595119
A[C>T]A	0.23131698	0.0	0.14259428	0.17124411	0.0	0.0	0.0	0.16555387	0.0	0.2002239
A[C>T]C	0.16265255	0.0	0.104813546	0.09077471	0.008938761	0.0	0.0	0.11820127	0.0	0.165128
A[C>T]G	0.24845116	0.0	0.09208326	0.13248563	0.0	0.0	0.007902902	0.14706059	0.0	0.26141995
A[C>T]T	0.16755258	0.0	0.09059629	0.10157431	0.003618699	0.0	0.0	0.10857622	0.0	0.14937401
A[T>A]A	0.13532767	0.0	0.07281104	0.07217116	0.0	0.0	0.0	0.07974435	0.0	0.10600661
A[T>A]C	0.12755667	0.0	0.0706628	0.062243074	0.0	0.0	0.0	0.086410075	0.0	0.1165861
A[T>A]G	0.19027981	0.0	0.09999209	0.14105892	0.0	0.0	0.0	0.16394791	0.0	0.18572246
A[T>A]T	0.10872038	0.0	0.06530365	0.078162014	0.004562869	0.0	0.0	0.06256078	0.0	0.09281157
A[T>C]A	0.18919201	0.0	0.098465525	0.14201537	0.008811725	0.02714013	0.0	0.13896237	0.0	0.16297343
A[T>C]C	0.14013587	0.0	0.06349248	0.09192868	0.0	0.0	0.0	0.071680024	0.0	0.11255879
A[T>C]G	0.25196898	0.0	0.13918272	0.15885189	0.0	0.02654738	0.0	0.16514659	0.0	0.17824641
A[T>C]T	0.11746692	0.0	0.06748236	0.1048066	0.0063590384	0.0	0.0	0.09183194	0.0	0.13629723
A[T>G]A	0.08581936	0.0	0.05162645	0.061514854	0.0	0.0	0.0	0.054261807	0.0	0.064884566
A[T>G]C	0.084898844	0.0	0.053331263	0.065867424	0.0	0.0	0.0	0.04678517	0.0	0.06556381
A[T>G]G	0.111162156	0.0040547736	0.05754044	0.07232096	0.0049589486	0.0	0.0	0.06100985	0.0	0.09133783
A[T>G]T	0.10170543	0.0	0.04985101	0.07424932	0.0	0.0	0.0	0.050120965	0.0	0.06815558
C[C>A]A	0.9209602	0.0	0.5389637	0.4925362	0.0	0.0	0.0	0.78545284	0.0	0.90149486
C[C>A]C	0.94476825	0.0	0.55370873	0.5196694	0.0	0.0	0.0	0.8877921	0.0	0.84764946
C[C>A]G	0.5916147	0.0	0.36069274	0.38976717	0.0	0.0	0.0	0.52383405	0.0	0.5073055
C[C>A]T	0.73527944	0.0	0.4174011	0.43519622	0.004521468	0.016221378	0.0	0.73287976	0.0	0.6318941
C[C>G]A	0.22386688	0.0	0.14150958	0.10249101	0.0	0.0	0.0	0.15934956	0.0	0.18838167
C[C>G]C	0.20566303	0.0	0.094433576	0.13062325	0.0	0.0	0.0	0.13551655	0.0	0.1498198
C[C>G]G	0.17892511	0.0037894936	0.10301983	0.076324604	0.0	0.0	0.0	0.12552302	0.0	0.1444722
C[C>G]T	0.23089752	0.0	0.11408776	0.12400059	0.026077231	0.0	0.0	0.12802505	0.0	0.1872067
C[C>T]A	0.40518066	0.0	0.20425247	0.21961328	0.0	0.011400926	0.0	0.3372162	0.0	0.38012475
C[C>T]C	0.32373142	0.0	0.1520956	0.20434615	0.019535707	0.0	0.0	0.25527737	0.0	0.29638982
C[C>T]G	0.36168757	0.0	0.11893146	0.15682518	0.0	0.0	0.0	0.22456577	0.0	0.303223
C[C>T]T	0.31181508	0.0	0.2569731	0.26863477	0.0	0.0	0.0	0.31927896	0.0	0.3105145
C[T>A]A	0.17603889	0.0	0.07737233	0.10931347	0.0	0.0	0.0	0.11208893	0.0	0.14276545
C[T>A]C	0.20751563	0.0	0.09125503	0.1298403	0.0	0.0	0.0	0.1429882	0.0	0.17667052
C[T>A]G	0.47947347	0.0	0.2990377	0.2575747	0.0	0.0	0.0	0.45439285	0.0	0.42892164
C[T>A]T	0.22459847	0.0	0.09497301	0.14642388	0.01771651	0.0	0.0	0.1579305	0.0	0.16260709
C[T>C]A	0.1684411	0.0	0.08219457	0.07794682	0.0	0.0	0.0	0.075164154	0.0	0.12736668
C[T>C]C	0.13813788	0.0	0.07344135	0.109285004	0.0059968424	0.0	0.0	0.07607716	0.0	0.09573236
C[T>C]G	0.27785137	0.0	0.12870872	0.1638282	0.0	0.0036725374	0.0	0.19815281	0.0	0.2075601
C[T>C]T	0.17306289	0.0	0.091363996	0.12582263	0.0026523317	0.0	0.0	0.107499436	0.0	0.12873816
C[T>G]A	0.07823225	0.0	0.05071889	0.06814204	0.0010146084	0.0	0.0	0.04272555	0.0008335494	0.07212998
C[T>G]C	0.10659963	0.0	0.0613249	0.06982187	0.0	0.0	0.0	0.048960965	0.0	0.08242598
C[T>G]G	0.15272248	0.0	0.07903172	0.081167124	0.012406735	0.0	0.0	0.09344619	0.0	0.110551134
C[T>G]T	0.20237616	0.0	0.076734856	0.14655201	0.0	0.0	0.0	0.076069996	0.0	0.04989373
G[C>A]A	0.47591692	0.0	0.25805864	0.31915957	0.011480423	0.0	0.0	0.36832333	0.0	0.43303984
G[C>A]C	0.5443545	0.0	0.29090938	0.36480004	0.0	0.0	0.0	0.5056941	0.0	0.5269577
G[C>A]G	0.38960606	0.0	0.23258363	0.2273837	0.0	0.0	0.0	0.3157102	0.0	0.37550467
G[C>A]T	0.36245397	0.0	0.17225254	0.20690244	0.0	0.010930779	0.0	0.30437282	0.0	0.37603384
G[C>G]A	0.17596593	0.0	0.08018662	0.099304065	0.0	0.006869993	0.0	0.095704064	0.0	0.15630645
G[C>G]C	0.18696204	0.0	0.106926695	0.122555315	0.0	0.0	0.0	0.13871695	0.0	0.15657017
G[C>G]G	0.16128212	0.0	0.10601246	0.0994881	0.0	0.009738379	0.0	0.12341799	0.0	0.13868058
G[C>G]T	0.15937892	0.0	0.08734651	0.08466756	0.0029012826	0.0	0.0	0.1077752	0.0	0.14044003
G[C>T]A	0.20762056	0.0	0.12048842	0.16651115	0.004505888	0.0	0.0	0.14930177	0.0	0.19196045
G[C>T]C	0.24484816	0.0	0.12776895	0.15184796	0.017514274	0.0	0.0	0.1740157	0.0	0.21366832
G[C>T]G	0.2893788	0.0	0.13476522	0.11295911	0.0	0.0	0.0	0.15467025	0.0	0.27042913
G[C>T]T	0.22766447	0.0	0.1061846	0.13148007	0.018921856	0.0	0.0	0.17285949	0.0	0.19614123
G[T>A]A	0.155356	0.0	0.09421019	0.099583134	0.0	0.0039978353	0.0	0.12213875	0.0	0.12598851
G[T>A]C	0.14953154	0.0	0.09500596	0.08070105	0.009965319	0.0	0.0	0.11178079	0.0	0.12353575
G[T>A]G	0.23634022	0.0	0.10608345	0.13440141	0.0	0.0	0.0	0.17314923	0.0	0.17758293
G[T>A]T	0.122378625	0.0	0.08044305	0.06289938	0.0	0.0	0.0	0.09854543	0.0	0.12612891
G[T>C]A	0.14423853	0.0	0.075283214	0.07886994	0.04327054	0.0	0.0	0.09455693	0.0	0.13822779
G[T>C]C	0.13784286	0.0	0.051249523	0.09075856	0.0	0.0	0.0	0.07838883	0.0	0.0983161
G[T>C]G	0.15050195	0.0	0.10108571	0.113995574	0.0	0.0	0.0	0.111877546	0.0	0.12592617
G[T>C]T	0.11783452	0.0	0.079544276	0.07892421	0.0	0.0	0.0	0.08784361	0.0	0.12165479
G[T>G]A	0.08848515	0.0	0.051647723	0.055496212	0.0	0.0	0.0	0.0588064	0.0	0.08482154
G[T>G]C	0.079012446	0.0	0.0406125	0.058541995	0.0	0.0	0.0	0.05659817	0.0	0.06855695
G[T>G]G	0.11974918	0.0	0.06405485	0.069162235	0.0065925824	0.0	0.005527144	0.07724218	0.0	0.09777273
G[T>G]T	0.10876845	0.0	0.056196727	0.08438349	0.0	0.0	0.0	0.06008941	0.0	0.07140354
T[C>A]A	0.47476214	0.0	0.2673643	0.32201314	0.009871656	0.0	0.0	0.36355603	0.0	0.47700423
T[C>A]C	0.76962507	0.0	0.40453485	0.44322127	0.0	0.0	0.0	0.65291536	0.0	0.62355787
T[C>A]G	0.3014663	0.0	0.17492267	0.18365145	0.0	0.0	0.0	0.21222468	0.0	0.25431085
T[C>A]T	0.5826062	0.0	0.3521767	0.33304292	0.0	0.0	0.0	0.53815734	0.0	0.4149012
T[C>G]A	0.43947846	0.0	0.16150105	0.28421524	0.07661192	0.0	0.008506456	0.2501402	0.0	0.19195904
T[C>G]C	0.32368404	0.0	0.14850864	0.16353095	0.014173675	0.0	0.0	0.22624025	0.0	0.2035232
T[C>G]G	0.1657077	0.0	0.09326887	0.108682126	0.0	0.0	0.0	0.11033754	0.0	0.11576705
T[C>G]T	0.47232875	0.0	0.20484966	0.36309013	0.08068127	0.043746527	0.0	0.22116661	0.0	0.15880388
T[C>T]A	0.6581964	0.0	0.24872	0.558646	0.10886464	0.0	0.0	0.27303144	0.0	0.28041047
T[C>T]C	0.3867134	0.0	0.14127314	0.27070194	0.009838218	0.0	0.0	0.23184443	0.0	0.27001
T[C>T]G	0.29118016	0.0	0.11223732	0.16354808	0.03738393	0.00056313816	0.0	0.13143373	0.0	0.20725453
T[C>T]T	0.4337499	0.0	0.139377	0.34103355	0.05984889	0.0	0.0	0.21827313	0.0	0.17766455
T[T>A]A	0.12906292	0.0	0.07941845	0.09196749	0.0	0.0	0.0	0.074757904	0.0	0.11327922
T[T>A]C	0.13864817	0.0	0.08831039	0.087368056	0.0011859904	0.0022851555	0.0	0.09827176	0.0	0.11423789
T[T>A]G	0.16696489	0.0	0.0930937	0.13509068	0.0035433234	0.0	0.0	0.11124107	0.0	0.16043705
T[T>A]T	0.1309534	0.0	0.081618026	0.08890832	0.0	0.0	0.0	0.09921917	0.0	0.10873127
T[T>C]A	0.11873028	0.0	0.06879453	0.08349865	0.006299903	0.0	0.0	0.06317369	0.0	0.09874159
T[T>C]C	0.14420776	0.0	0.05422335	0.08678953	0.0	0.0	0.0	0.06591401	0.0	0.079219215
T[T>C]G	0.12644787	0.0	0.064848274	0.07862912	0.0029674247	0.0	0.0	0.07349843	0.00016356431	0.10712221
T[T>C]T	0.12414329	0.0	0.07688271	0.089841306	0.0	0.0	0.0	0.06556304	0.0	0.105256975
T[T>G]A	0.08228869	0.0	0.04752641	0.06206155	0.0	0.0	0.0	0.04087269	0.0	0.07573385
T[T>G]C	0.102298155	0.0	0.0516859	0.06070149	0.0	0.0	0.0	0.048507422	0.0	0.072480075
T[T>G]G	0.1162249	0.0	0.07077227	0.07543197	0.0	0.0	0.0	0.06586245	0.0	0.09132377
T[T>G]T	0.13213065	0.0	0.068252005	0.09024451	0.0	0.0	0.0	0.025112506	0.0	0.06803071
