sample_id	1	2	3	4	5	6
A[C>A]A	0.0	0.0011800524	0.0	0.0	0.007866086	0.0009437874
A[C>A]C	0.0	0.0015986713	0.0	0.0	0.0059494674	0.00025938085
A[C>A]G	0.0	0.0	0.0	0.0	0.0063173617	0.0009429571
A[C>A]T	0.0	0.0015772259	0.0	0.0012413226	0.0	0.0
A[C>G]A	0.0	0.0	0.0	0.00087676436	0.0014636589	0.0018962385
A[C>G]C	0.0	0.0	0.0	0.0	0.0017488459	2.2662629e-05
A[C>G]G	0.0	0.00012107805	0.0	0.0005072498	0.0002589479	0.0
A[C>G]T	0.0	0.0	0.00021176698	0.00010677974	0.0011484086	0.0
A[C>T]A	0.0	0.0033814611	0.0	0.0034414025	0.0017057466	0.0
A[C>T]C	0.0	0.0	0.0	0.002599952	0.0	0.0
A[C>T]G	0.0014370369	0.026833348	0.0	0.019929785	0.0	0.0
A[C>T]T	0.0	0.0019019211	0.0	0.001128825	0.0	0.0
A[T>A]A	0.0	0.0	0.0	0.0	0.0007591901	0.0004522932
A[T>A]C	3.145558e-05	0.0	0.0	0.0010782314	0.0	0.000348656
A[T>A]G	0.0	0.0004275528	0.0	0.0005776169	0.0015800318	0.00232902
A[T>A]T	0.0	0.00021198411	0.000272335	0.0	0.0	0.0
A[T>C]A	0.0	0.0	0.0	0.0020385503	0.0	0.0
A[T>C]C	0.0	0.00071249605	0.0	0.0010757324	0.0	0.0
A[T>C]G	0.0	0.0	0.0	0.0056772335	0.0022065695	0.0
A[T>C]T	0.0	0.0	5.6315126e-05	0.0019278905	0.0	0.0
A[T>G]A	0.0	0.0	0.0	0.0	0.0	0.0007678941
A[T>G]C	0.0	0.0	0.0	0.0010691275	0.0	0.0
A[T>G]G	0.0	0.0	0.0	0.00012610965	0.0	0.0
A[T>G]T	0.0	0.0	0.0	0.0024459732	0.0	0.0
C[C>A]A	0.0	0.0012180242	0.0	0.0006661502	0.018925618	0.0
C[C>A]C	0.0	0.0	0.0	1.958602e-05	0.015495427	0.0011370187
C[C>A]G	0.0	0.0025522986	0.0	0.0016324333	0.008652721	0.0017435191
C[C>A]T	0.0	0.005437229	0.0	0.0072155115	0.006689634	0.0
C[C>G]A	0.0	0.00049646676	0.0	0.0	0.001662051	0.0011981379
C[C>G]C	0.0	0.00069648685	0.0	0.00038263894	0.0023877404	0.0
C[C>G]G	0.0	0.0	0.0	3.122921e-05	0.00078786863	0.00034198444
C[C>G]T	0.0	0.00052741735	0.0	0.00090596767	0.001010362	0.0
C[C>T]A	0.0	0.0	0.0	0.0017584519	0.0053069447	0.0014597403
C[C>T]C	0.0	0.0013762404	0.0	0.0	0.0016254501	0.0
C[C>T]G	0.00034675555	0.025133856	0.0	0.022765791	0.0	0.0
C[C>T]T	0.0	0.0009080818	0.0	0.00089392735	0.0008534468	0.0
C[T>A]A	0.0	0.00036947872	0.0	0.0	0.0009741987	0.0004180805
C[T>A]C	0.0	0.0	0.0	0.0011635827	0.0028265591	0.0012488121
C[T>A]G	0.0	0.0	0.0	8.51357e-05	0.007644407	0.0019175411
C[T>A]T	0.0	0.0	0.0	4.8154587e-05	0.001023779	0.0
C[T>C]A	0.0	0.00028581888	0.0	0.0018753574	0.0012542229	0.0
C[T>C]C	0.0	0.0	0.0	0.0021957294	0.0	0.0
C[T>C]G	0.0	0.0	0.0	0.0050240997	0.0028554609	0.0
C[T>C]T	0.0	0.0	0.0	0.0020486626	0.0	0.0
C[T>G]A	0.0	0.0	0.0	0.00023339399	0.0	0.00033497153
C[T>G]C	0.0	0.0	0.0	0.0025199086	0.0	0.0
C[T>G]G	0.0	0.0010261466	0.0	0.0015145852	0.0	0.0
C[T>G]T	0.0	0.0	0.0	0.0029111241	0.0	0.0
G[C>A]A	0.0	0.00024200008	0.0	0.0	0.0073695015	0.0
G[C>A]C	0.0	0.0028016143	0.0	0.0	0.0071620787	0.00042780302
G[C>A]G	0.0	0.002294986	0.0	0.0	0.0049264776	0.0011909247
G[C>A]T	0.0	0.005780588	0.0	0.0	0.0	0.0
G[C>G]A	0.0	0.0005804635	0.0	0.0	0.0010991493	0.00019479141
G[C>G]C	0.0	0.0	0.0	0.0011996204	0.00050955085	0.0
G[C>G]G	0.0	0.00015498149	0.0	0.0004705825	0.0	0.0011005697
G[C>G]T	0.0	0.0007680616	0.000107947446	0.0011367953	0.00076501083	6.588991e-05
G[C>T]A	0.0	0.0038693375	0.0	0.0062338975	0.0	0.0
G[C>T]C	0.0	0.008867979	0.0	0.005313683	0.0	0.0
G[C>T]G	0.0	0.044126444	0.0	0.02035664	0.0	0.0
G[C>T]T	0.0	0.010041756	0.0	0.0	0.0	0.0
G[T>A]A	0.0	0.0	0.0	0.0	0.0011385237	0.0
G[T>A]C	0.0	0.00060679985	0.0	0.0005285474	0.000375806	0.0017790264
G[T>A]G	0.0	0.0002443607	0.0	9.045088e-05	0.002063333	0.0
G[T>A]T	0.0	0.0011377166	0.0	0.00025580247	0.00056769035	2.0446285e-05
G[T>C]A	0.0	0.0028418847	0.0	0.0003153049	0.0	0.0
G[T>C]C	0.0	0.0045944704	0.0	0.0	0.0	0.0
G[T>C]G	0.0	0.0026137473	0.0	0.0013505648	0.0	0.0
G[T>C]T	0.0	0.0017147538	0.0	0.0	0.0	0.0
G[T>G]A	0.0	0.0002618313	0.0	0.0	0.0	0.00029597702
G[T>G]C	0.0	0.0005207768	0.00013027914	0.00012360983	0.0	0.00015023118
G[T>G]G	0.0	0.001160591	0.0	0.00033573178	0.0	0.0
G[T>G]T	0.0	0.0011259901	0.0	0.0015222033	0.0	0.0002385459
T[C>A]A	0.0	0.0020780438	0.0	0.0	0.0	0.0042310804
T[C>A]C	0.0	0.0	0.0	0.0	0.0095959585	0.0008665444
T[C>A]G	0.0	0.0009725691	0.0	0.0	0.0035174591	0.00025512988
T[C>A]T	0.0	0.030889012	0.005138032	0.0	0.0	0.0
T[C>G]A	0.0	0.0	0.011592296	0.003283039	0.0041813836	0.0074852267
T[C>G]C	0.0	0.0	0.0020018097	0.0011671005	0.0014909462	0.0028027368
T[C>G]G	0.0	0.0	0.0	0.00047216157	0.0010823967	0.0011064825
T[C>G]T	0.0	0.0	0.014212516	0.0034167804	0.004608068	0.0065484447
T[C>T]A	0.0	0.0	0.008590491	0.006555507	0.008538235	0.010883672
T[C>T]C	0.0	0.0	0.0	0.00017958817	0.0	0.000899015
T[C>T]G	0.0	0.06292715	0.0	0.0	0.0	0.0
T[C>T]T	0.0	0.00070014386	0.0	0.0	0.0	0.0013745758
T[T>A]A	0.0	0.0	0.0	0.0004726295	0.00077213155	0.0
T[T>A]C	0.0	0.0	0.0	0.00076579436	0.0	0.0
T[T>A]G	0.0	0.00040266494	0.0	0.0	0.0014536745	0.0
T[T>A]T	0.0	0.0	0.0	0.0004166547	0.0	8.407631e-06
T[T>C]A	0.0	0.0006873472	0.0	0.0029133665	0.0	0.0
T[T>C]C	0.0	0.0	0.0	0.0021239447	0.0	0.0
T[T>C]G	0.0	0.0009253102	0.0	0.002001191	0.0	0.0
T[T>C]T	0.0	0.0	0.0	0.0022918622	0.0	0.0
T[T>G]A	0.0	0.00028765615	0.0	0.0005058407	0.0	0.0001391038
T[T>G]C	0.0	0.0002517172	0.0	0.0008658603	0.0	0.0
T[T>G]G	0.0	9.614778e-05	0.00013996361	0.0003441039	0.0	0.0014679908
T[T>G]T	0.0	0.0005209423	0.0	0.0	0.0	0.0
