"","Sign.01","Sign.02","Sign.03","Sign.04","Sign.05","Sign.06","Sign.07","Sign.08"
"A[C>A]A",0.0355319768243798,0.00142235967472891,2.47038511429612e-16,0.000653166959906262,0.00713550815823815,0.00304843205314104,0.0145282072786401,0.0214180696746753
"A[C>A]C",0.0292237340740128,0.000127542758876064,2.47038511429612e-16,0.000118286430659883,0.00812763918038369,0.0414776363905636,0.0158978516990822,0.0260614230955844
"A[C>A]G",0.0248965510545627,1.61802017565057e-05,0.000150783184115735,2.24661818480265e-16,0.000158797711221733,0.00145530264987406,0.00382299178652717,0.0044779166845515
"A[C>A]T",0.0248225348999079,1.0630797473775e-05,6.22121215829669e-06,6.56766879011629e-06,0.0283063997545338,0.00164160128343912,0.000669736478404775,0.00918961347924829
"A[C>G]A",0.00381003089452915,7.94510653972905e-06,1.01039276657641e-05,0.000523638180536743,0.00436858473208623,0.0313881566679889,0.000193585371592442,0.00778511280166726
"A[C>G]C",0.000863908581764991,5.17861289107231e-05,0.000388578583806421,0.0011963254642371,0.00523872747225638,0.0257024470308371,0.00168844658143492,0.0141749960876983
"A[C>G]G",0.000388400856299038,1.76253889833687e-16,2.47038511429612e-16,0.000369551324501163,0.0017277702175043,0.0216759421868969,2.4139646790813e-16,0.00163887063402446
"A[C>G]T",0.000537029910327878,0.000690326924520353,0.000135383277237962,0.000231342980969893,0.00832617158780885,0.0302825844753531,0.00039100894219157,0.00806405443007222
"A[C>T]A",0.00505208955613974,0.0110870648088558,0.0234684871157433,0.00294973177666277,0.00518700928254149,0.0169242602083214,0.0214930990296743,0.0213138790327769
"A[C>T]C",0.00241970692039942,0.0120080125729181,0.0282061300597682,2.52157578674905e-05,0.00958333350867206,0.00919428526760253,0.016911163330756,0.0263153052709004
"A[C>T]G",1.91110527457379e-16,0.24746566507629,0.00443168736123542,0.000236720901833154,0.00448309019614198,0.00637016067508645,0.0346599329386673,0.0631479701935748
"A[C>T]T",0.00114997146716926,0.00611144124027506,0.00886903966276307,0.000474272933595121,0.00963012622536068,0.0235904153161481,0.0121563146831087,0.0212322622004231
"A[T>A]A",0.000856747924634094,1.76253889833687e-16,0.00364992416283784,0.000323533288483076,0.0042122858014363,0.0150222152167237,0.00206164323808016,0.00854143354470556
"A[T>A]C",0.000954087125576276,8.69650212244407e-05,0.00492083709007867,0.000404210229903925,0.000710237058749711,0.00786107397125252,0.0117755544407548,0.0219281920916748
"A[T>A]G",0.0101806678603811,1.76253889833687e-16,2.75945692495363e-05,0.000209985338293459,0.000364355163305508,0.00263847825181133,0.0154129698748233,0.0176381133500463
"A[T>A]T",0.00205591460683027,0.00097758939069655,0.00627449543778662,9.23453250185937e-07,0.00582812977507575,0.0023291854980888,0.00875089949487935,0.00522474540783514
"A[T>C]A",0.00139432261280077,1.76253889833687e-16,0.0244579655337317,9.70229010329367e-05,0.00724617264436168,0.0258932268113711,0.0037010244103142,0.0167417175701676
"A[T>C]C",1.0829468963771e-05,0.000580570969504961,0.0175476788297858,2.24661818480265e-16,0.00866135726596479,0.00782221840984171,0.0099931823902009,0.0115181848575208
"A[T>C]G",0.00301031115574139,0.00016636764368481,0.0449686052206822,0.000273678736259178,2.75113260402938e-16,0.00901416021381149,0.0203261558897876,0.0304538872963241
"A[T>C]T",0.000171146144691738,0.00151797816101236,0.00259287716787394,1.14468560063886e-05,0.00391727269226902,0.00672617781703985,0.0385181373963705,0.0268626479572954
"A[T>G]A",0,0,0,0,0,0,0,0
"A[T>G]C",0,0,0,0,0,0,0,0
"A[T>G]G",0.000605666132810154,0.000399407642143331,0.000793877892098488,7.38796530071593e-06,0.00696273380348827,0.00892175342257763,0.00201109512584329,0.00429892929531116
"A[T>G]T",2.64438244725894e-06,5.97039011187678e-06,0.00419626730163602,2.68551428662257e-06,0.0132667815764824,0.00150899368711289,0.00132903179251251,0.00413001363559737
"C[C>A]A",0.101457008092887,1.61659655810696e-15,0.0002035744577085,0.000414766836976066,0.000423135690048638,2.40688329303991e-16,2.4139646790813e-16,0.0079797378337767
"C[C>A]C",0.0915379656189389,1.76253889833687e-16,0.00149135266534833,2.24661818480265e-16,2.75113260402938e-16,2.40688329303991e-16,2.4139646790813e-16,3.75733718972466e-05
"C[C>A]G",0.0489864532758531,1.76253889833687e-16,0.000158542003169895,2.24661818480265e-16,2.75113260402938e-16,2.40688329303991e-16,2.4139646790813e-16,0.0016359456944558
"C[C>A]T",0.0696171929706786,1.76253889833687e-16,0.0397192097467298,2.24661818480265e-16,9.99075339889412e-05,2.40688329303991e-16,2.4139646790813e-16,0.00528894619152456
"C[C>G]A",0.00575258554571684,1.76253889833687e-16,2.47038511429612e-16,0.00592308523141946,0.000406971432244684,0.0224961177454774,0.0022659834591889,0.0121759522871766
"C[C>G]C",0.00403584151949191,1.76253889833687e-16,2.47038511429612e-16,0.000387368211975716,2.75113260402938e-16,0.0290593898825827,0.00223915887859682,0.0100845346982071
"C[C>G]G",0.00191510031374002,1.27915561386665e-15,2.47038511429612e-16,0.000569446117554112,0.00120453955741835,0.0280101000686135,2.4139646790813e-16,0.00408464816414847
"C[C>G]T",0.00164378189228871,1.76253889833687e-16,2.47038511429612e-16,0.00324931606734339,0.000351288907680056,0.0544416493012532,2.4139646790813e-16,0.00609516746341233
"C[C>T]A",0.0200207505843294,0.00592813897585173,0.0047465613349057,0.0107749306874151,0.0038084621215646,0.0209060291245002,0.0510768781941342,0.0382891630641624
"C[C>T]C",0.0172290677564855,0.00708392392806533,0.00993909187459835,0.000499052219928681,0.00571771598335752,0.00821531277441284,0.0452612910144446,0.0255435124029413
"C[C>T]G",0.0112261933385105,0.260880158341403,0.00010379279513428,0.00186333593988323,0.00119240043510678,0.00706711640695267,0.00383069981291597,0.0193774382036997
"C[C>T]T",0.01206371549573,0.00812307761591036,0.00428598565682714,0.00612552927422377,0.00693995140847789,0.0404453047368096,0.0413905111273354,0.0254715671060821
"C[T>A]A",0.00755987274347277,1.62945536329995e-05,0.00207312590896851,1.04510972265523e-05,0.000561710062292215,0.00273391397904284,0.000137114518934885,0.00382354975420115
"C[T>A]C",0.00968957762817601,0.000848683991951429,0.00130368366123794,0.000140517401008322,0.000152145063369978,0.0177051715583522,0.000865298855553114,0.00723177968829017
"C[T>A]G",0.0306512480084503,1.76253889833687e-16,0.00210037235812433,9.29766167935354e-06,0.00439518361645463,0.0194392571412838,0.000113423974772666,0.0255278676892655
"C[T>A]T",0.00769965587081163,0.000681962000328142,0.000446404112496288,2.3498293021785e-06,0.00264345534102806,0.0241775694275215,2.4139646790813e-16,0.00462608057040804
"C[T>C]A",0.00319563815531276,0.00161759162941937,0.0136616338441872,5.1169814121863e-06,0.000101606685112761,0.00831406385343677,0.00075124698139202,0.00675779788732297
"C[T>C]C",0.000141445169302127,0.000219729473513463,0.022796539918914,2.24661818480265e-16,0.0170829384685342,0.0103439552916377,0.00291641398468739,0.00812261187793266
"C[T>C]G",0.00601155928512485,0.000380450862631815,0.0613856662005205,0.000613151768309267,0.00319009799620418,0.0072482274278416,2.4139646790813e-16,0.00612214136804534
"C[T>C]T",0.000277631657142787,0.00108873143955768,0.0265329358014644,2.49300032309031e-06,0.0137170508673512,0.0179865760374901,2.4139646790813e-16,0.00832822504723207
"C[T>G]A",0,0,0,0,0,0,0,0
"C[T>G]C",1.91110527457379e-16,9.10688510969684e-05,0.00636136884413512,1.0013464731485e-05,0.00372836062126991,0.00527593795111103,0.00563445316152866,0.00711612678762179
"C[T>G]G",0.001145823602618,0.000161081900658523,0.0058607549905147,2.62137625597526e-05,0.00360926470172364,0.0262223284021879,2.4139646790813e-16,0.00729120619921824
"C[T>G]T",1.91110527457379e-16,0.000307822621985558,0.00696106138700413,2.24661818480265e-16,0.0534399037796811,0.00515403949853966,2.4139646790813e-16,0.00479676123832684
"G[C>A]A",0.0314375746910528,0.00501251589024706,2.47038511429612e-16,2.24661818480265e-16,0.0291991577162993,0.0055817632075692,0.0173447854314492,0.0509661458422067
"G[C>A]C",0.0517354630192886,0.000114112547962845,0.0132284745180255,0.000158396377494527,0.00159336663780865,0.0101671594084394,0.00638965979167475,0.0150504228723103
"G[C>A]G",0.0363970721133479,4.86495982243733e-05,9.62159306855732e-06,2.24661818480265e-16,0.000913882729701435,2.40688329303991e-16,0.00167399842379821,0.00528447499978023
"G[C>A]T",0.032448714825629,0.00770519404552917,0.00472604670888536,9.41227726392499e-06,0.0234582590426373,0.013045205180525,0.000346854107487746,0.00707464165181652
"G[C>G]A",0.00385752513795828,1.76253889833687e-16,0.000514286521926336,0.00113647698270458,0.000267906967845922,0.0218617051757478,0.000991108921446638,0.00547644714460167
"G[C>G]C",0.00315105678721126,0.000492364255776593,0.00081808197133864,0.000157219369910349,0.00549613535521926,0.0296728979733635,1.0258153241149e-05,0.00597462043377761
"G[C>G]G",0.00899334022601452,1.76253889833687e-16,0.00146218814984219,0.000206987037766155,0.000447104929043897,0.00107084006602326,0.00172126354724214,0.00552456833972099
"G[C>G]T",0.000804692942054925,0.000210359653015892,1.23234242117794e-05,0.00235870582972328,0.00196017057551556,0.0339841475641774,0.000167993041920974,0.00867529113583262
"G[C>T]A",0.000638089821603596,0.00568747500306043,0.0629673950505639,0.00438787550526433,0.00374251250702344,0.0121165652511837,0.0237183537436646,0.034016427834829
"G[C>T]C",0.000227081322492919,0.00389633462693235,0.171231172707774,0.000243639042110705,0.00114913999303799,0.00130063863323737,0.000882509426611272,0.00214110678274447
"G[C>T]G",0.003845298407981,0.264649559157259,0.0237435923738998,2.24661818480265e-16,0.0325103376763792,0.00170963059750195,2.4139646790813e-16,0.0168802684597055
"G[C>T]T",0.00287904024367942,0.0107723487415505,0.0692198777767994,0.00174328351109362,0.0141915304072725,0.00812691276198973,0.00803387193667769,0.011746220315762
"G[T>A]A",0.00638641365343576,1.76253889833687e-16,8.44999272560301e-05,0.000405408208211081,0.000308360190160299,0.00823679281863663,0.000241189180984895,0.0016179155748181
"G[T>A]C",0.00368665560417554,1.76253889833687e-16,0.00174418011698353,0.000259784134899682,0.0103592370507485,0.00766403009551378,0.00314016379770552,0.0106953154953633
"G[T>A]G",0.0124246934600315,1.76253889833687e-16,0.0054471723980909,0.000139172149673535,0.00068317580925073,0.00747939408781667,1.5695387984784e-05,0.00881092144146194
"G[T>A]T",0.00514996346317325,0.00011639958666179,0.00228803585211048,2.24661818480265e-16,0.00575692988518038,0.00644366887007141,0.000637057401237242,0.00423260410829415
"G[T>C]A",0.000638228095921704,0.000202002397659997,0.0690133474511226,2.10408636936241e-05,0.000206938303423046,2.40688329303991e-16,0.000188177147766686,0.00115961697429997
"G[T>C]C",0.0006517116908148,0.0010331874922903,0.0241616786524668,1.98504990517802e-05,0.0160122588028939,0.00472970144032861,0.00021082266836231,0.00629722935691919
"G[T>C]G",0.00133484345535978,1.76253889833687e-16,0.0582763471699799,2.24661818480265e-16,2.75113260402938e-16,2.40688329303991e-16,2.4139646790813e-16,0.000753576081301908
"G[T>C]T",6.15071401566442e-05,0.000139231618340017,0.021143163350623,8.08829774404021e-05,0.0118559928922996,0.00515030579327515,0.0176679887819135,0.0125640717421755
"G[T>G]A",0,0,0,0,0,0,0,0
"G[T>G]C",0,0,0,0,0,0,0,0
"G[T>G]G",0.000213160288912408,1.76253889833687e-16,0.000766049250624196,2.24661818480265e-16,0.00356140688009404,0.0112331102052293,0.00260611682532679,0.00841814040247149
"G[T>G]T",6.41789723999979e-05,0.000135370066119709,0.0029506153240152,4.5631073070073e-05,0.013047720440828,0.00380446326069151,0.000102773655589051,0.00145225946194255
"T[C>A]A",0.0347333385520215,0.00106721584849878,2.47038511429612e-16,0.0273256248866143,0.0490133509682008,0.00215813057058417,0.00980594455425547,0.012364754747791
"T[C>A]C",0.0656095334836776,0.0018394877851284,0.000210342146322638,0.0145878485523528,0.00537536283232831,0.0106292587123722,0.0139540062890722,0.0374532588359488
"T[C>A]G",0.0191379998596455,0.00118088326738425,0.000232556612003547,0.00291532494410497,0.00319485854428389,0.00178631200856711,0.0146129552694692,0.00596264662334045
"T[C>A]T",0.0391386958759916,8.47465629990433e-06,2.47038511429612e-16,0.00987821145489199,0.131015763945586,0.00214825369481987,0.00282527635207078,0.00284850856812437
"T[C>G]A",0.000254564224180214,1.76253889833687e-16,2.47038511429612e-16,0.181451890758014,2.75113260402938e-16,0.00331909850480809,2.4139646790813e-16,2.55782011616208e-16
"T[C>G]C",0.0050030600501987,1.76253889833687e-16,2.47038511429612e-16,0.0693578129536141,0.00225648205038089,0.0248881880687054,0.00052686512128202,0.00464963615943598
"T[C>G]G",0.000491717682479266,1.76253889833687e-16,2.47038511429612e-16,0.0167229956092345,0.000127944958586722,0.0160204666111331,2.4139646790813e-16,0.00233558988989357
"T[C>G]T",0.000125924970413571,1.76253889833687e-16,2.47038511429612e-16,0.230056023275348,2.75113260402938e-16,0.0174235463356239,2.4139646790813e-16,0.00150133934073917
"T[C>T]A",1.91110527457379e-16,0.00228818117388374,0.00100144834890701,0.222929407586382,0.00102998942283422,2.40688329303991e-16,0.139656277219343,0.00579050822255916
"T[C>T]C",0.00507522897729079,0.0020879104888479,0.00293039439040016,0.0481334580779424,0.0229554273388859,0.0090350237341731,0.144079302824926,0.019978111321869
"T[C>T]G",1.91110527457379e-16,0.118535225072592,2.47038511429612e-16,0.0409027181503092,0.170761308829241,0.00109283260825101,0.0434399828728677,2.55782011616208e-16
"T[C>T]T",0.00121405428615679,7.57452231322717e-05,2.8829877252729e-05,0.0845961300568573,0.0260544746851159,0.00296012381767842,0.132493210434303,0.0109605791032119
"T[T>A]A",0.00282725161219844,0.00010670376371244,0.000136182913604468,1.87379044243658e-05,0.00364451884960604,0.00492789083255301,0.00185873525121237,0.00556076396023709
"T[T>A]C",0.00169042805693585,0.000466841343444532,2.47038511429612e-16,8.76216580740574e-05,0.00350966370519652,0.0159847312661735,0.0015791524930934,0.00881340542684531
"T[T>A]G",0.0093845624223565,1.35129072975883e-05,0.00179139644652161,1.52920728693011e-05,0.00106937438763235,0.0072506694174466,2.4139646790813e-16,0.00566793116346733
"T[T>A]T",0.00251829785979284,0.000283054078388855,2.47038511429612e-16,6.7961160819493e-06,0.00435738281059908,0.00664101266304297,0.00701002130389513,0.00759130429083976
"T[T>C]A",0.00225240400608837,0.00108604044815591,0.00753404942923052,0.000102410548957675,0.008327269589963,0.00546293378337015,0.000369863772201531,0.00344644157755123
"T[T>C]C",7.90329297295929e-05,0.000188846127888292,0.0172167626187061,0.000551588883029424,0.0291476698033593,0.00473323000983752,0.00143688913070872,0.00432414471141492
"T[T>C]G",0.00172894156846991,1.99112691015761e-05,0.0279088337909561,2.16615906910734e-05,0.00728785080331654,0.00151890621414118,2.4139646790813e-16,0.000737743730004613
"T[T>C]T",0.000144301677877833,4.33102230930357e-05,0.0202536817934858,5.29721278861404e-06,0.0163857922723412,0.00144104661557695,0.00287938975414206,0.00513868905331222
"T[T>G]A",0,0,0,0,0,0,0,0
"T[T>G]C",1.99234832516752e-05,0.000151534251118365,4.6680915762573e-06,2.24661818480265e-16,0.0163808230764203,0.00391058512874866,0.00289742517917863,0.00411497791733493
"T[T>G]G",0.00174805207911539,8.60126224552186e-05,0.00170984082751964,0.000217251652395839,0.0144862471060585,0.00396331725780952,0.000668245444422217,0.0048797507526751
"T[T>G]T",1.91110527457379e-16,9.34840734108216e-05,4.66727165713436e-06,2.24661818480265e-16,0.0406883451466059,0.00359474163932971,0.00104130922433707,0.00310195497024345
